Image,Name,Description,説明,解除方法,実績No,DLC,type,acvimage
Magdalene,Magdalene,Unlocked a new character.,マグダレーンをアンロックした,1度のプレイで赤ハートコンテナを7つ所持する,1,Rebirth,character,Magdalene
Cain,Cain,Unlocked a new character.,,1度のプレイで55コインを所持する,2,Rebirth,character,Cain
Judas,Judas,Unlocked a new character.,ユダをアンロックした,Satanを倒す,3,Rebirth,character,Judas
The_Womb,The Womb,Chapter 4 - The Womb unlocked.,子宮をアンロックした,Momを倒す,4,Rebirth,,The_Womb
The_Harbingers,The Harbingers,The horsemen are loose.,,Momを倒す,5,Rebirth,,The_Harbingers
Cube_of_Meat,A Cube of Meat,Unlocked a new item. (Also unlocks the Ball of Bandages Ball of Bandages),,Momを倒す,6,Rebirth,item,A_Cube_of_Meat
Book_of_Revelations,The Book of Revelations,Unlocked a new item.,,Harbingerを倒す,7,Rebirth,item,The_Book_of_Revelations
Noose,A Noose,Unlocked a new item.,,Mom's Heartを3回倒す,8,Rebirth,item,A_Noose
The_Nail,The Nail,Unlocked a new item.,釘が地下に現れた,アザゼルでボスラッシュをクリアする,9,Rebirth,item,The_Nail
A_Quarter,A Quarter,Unlocked a new item.,,Mom's Heartを8回倒す,10,Rebirth,item,A_Quarter
Dr._Fetus,A Fetus in a Jar,Unlocked a new item.,,Mom's Heartを9回倒す,11,Rebirth,item,A_Fetus_in_a_Jar
The_Small_Rock,A Small Rock,Unlocked a new item.,,呪われた岩を100個破壊する,12,Rebirth,item,A_Small_Rock
Monstro%27s_Tooth,Monstro's Tooth,Unlocked a new item.,モンストロの歯が地下に現れた,チャプター1をクリアする,13,Rebirth,item,Monstro%27s_Tooth
Lil%27_Chubby,Lil' Chubby,Unlocked a new item.,リトルチャビーが地下に現れた,チャプター2をクリアする,14,Rebirth,item,Lil%27_Chubby
Loki%27s_Horns,Loki's Horns,Unlocked a new item.,ロキのツノが地下に現れた,Lokiiを倒す,15,Rebirth,item,Loki%27s_Horns
Something_From_The_Future,Something From The Future,New boss in the basement!,,ベースメントを40回クリアする,16,Rebirth,,Something_From_The_Future
Something_Cute,Something Cute,New boss in the caves!,,チャプター2を30回クリアする,17,Rebirth,,Something_Cute
Something_Sticky,Something Sticky,New boss in the depths!,,チャプター3を20回クリアする,18,Rebirth,,Something_Sticky
Super_Bandage,A Bandage,Unlocked a new item.,,1度のプレイでBall of Bandagesを4つ拾って、スーパーバンデージガールを作る,19,Rebirth,item,A_Bandage
A_Cross,A Cross,Unlocked a new item.,,マギーでIsaacを倒す,20,Rebirth,item,A_Cross
A_Bag_of_Pennies,A Bag of Pennies,Unlocked a new item.,,ケインでIsaacを倒す,21,Rebirth,item,A_Bag_of_Pennies
The_Book_of_Sin,The Book of Sin,Unlocked a new item.,,7つの大罪ボスをすべて倒す,22,Rebirth,item,The_Book_of_Sin
Little_Gish,Little Gish,Unlocked a new item.,リトルギッシュが地下に現れた,Gishを倒す,23,Rebirth,item,Little_Gish
Little_Steven,Little Steven,Unlocked a new item.,リトルスティーブンが地下に現れた,Stevenを倒す,24,Rebirth,item,Little_Steven
Little_C.H.A.D.,Little C.H.A.D.,Unlocked a new item.,リトルチャッドが地下に現れた,C.H.A.Dを倒す,25,Rebirth,item,Little_C.H.A.D.
A_Gamekid,A Gamekid,Unlocked a new item.,,ゲームセンターに10回訪れる,26,Rebirth,item,A_Gamekid
A_Halo,A Halo,Unlocked a new item.,,Mom/Mom's Heart/It Lives!を聖書を使って倒す,27,Rebirth,item,A_Halo
Mr._Mega,Mr. Mega,Unlocked a new item.,ミスターメガが地下に現れた,呪われた岩を10個破壊する,28,Rebirth,item,Mr._Mega
The_D6,The D6,Isaac now holds the D6!,,？？？でIsaacを倒す,29,Rebirth,,The_D6
The_Scissors,The Scissors,Unlocked a new item.,,100回死ぬ,30,Rebirth,item,The_Scissors
The_Parasite,The Parasite,Unlocked a new item.,パラサイトが地下に現れた,１度のプレイで Bob's Rotten HeadかDead CatかCricket's HeadもしくはTammy's Headの２つを入手する（Repentanceからは「Dead」タグのついたアイテムを2つ）,31,Rebirth,item,The_Parasite
%3F%3F%3F,???,Unlocked a new character.,,Mom's Heartを10回倒す,32,Rebirth,character,%3F%3F%3F_(Character)
Everything_Is_Terrible%21%21%21,Everything Is Terrible!!!,The game just got harder!,,Mom's Heartを5回倒す,33,Rebirth,,Everything_Is_Terrible%21%21%21
It_Lives%21,It Lives!,Your future's past waits.,イットリブス 将来の過去が待ち受けている,Mom's Heartを11回倒す,34,Rebirth,,It_Lives%21
Mom%27s_Contact,Mom's Contact,Unlocked a new item.,ママのコンタクトが地下に現れた,1度のプレイで「Yes Mother?」アイテムを3つ入手する,35,Rebirth,item,Mom%27s_Contact
The_Necronomicon,The Necronomicon,Unlocked a new item.,,カード「XIII - Death」を 4 回使用する,36,Rebirth,item,The_Necronomicon
Basement_Boy,Basement Boy,Beat basement without taking damage.,,チャプター1をダメージを受けずにクリアする,37,Rebirth,,Basement_Boy
Spelunker_Boy,Spelunker Boy,Beat caves without taking damage.,スペランカーボーイを達成,チャプター2をダメージを受けずにクリアする,38,Rebirth,,Spelunker_Boy
Dark_Boy,Dark Boy,Beat depths without taking damage.,ダークボーイを達成,チャプター3をダメージを受けずにクリアする,39,Rebirth,,Dark_Boy
Mama%27s_Boy,Mama's Boy,Beat womb without taking damage.,ママの子を達成,チャプター4をダメージを受けずにクリアする,40,Rebirth,,Mama%27s_Boy
Golden_God%21,Golden God!,You are the best!!,ゴールデンゴッドを達成,???とThe Lambを倒す,41,Rebirth,,Golden_God%21
Eve,Eve,Unlocked a new character.,イブをアンロックした,2フロアの間ハートのピックアップを取らない,42,Rebirth,character,Eve
Mom%27s_Knife,Mom's Knife,Unlocked a new item.,ママの包丁が地下に現れた,アイザックでSatanを倒す,43,Rebirth,item,Mom%27s_Knife
The_Razor,The Razor,Unlocked a new item.,レイザーが地下に現れた,イブでSatanを倒す,44,Rebirth,item,The_Razor
Guardian_Angel,Guardian Angel,Unlocked a new item.,ガーディアンエンジェルが地下に現れた,マギーでSatanを倒す,45,Rebirth,item,Guardian_Angel
A_Bag_of_Bombs,A Bag of Bombs,Unlocked a new item.,,ケインでSatanを倒す,46,Rebirth,item,A_Bag_of_Bombs
Demon_Baby,Demon Baby,Unlocked a new item.,デーモンベイビーが地下に現れた,アザゼルで The Lambを倒す,47,Rebirth,item,Demon_Baby
Forget_Me_Now,Forget Me Now,Unlocked a new item.,フォーゲットミーなうが地下に現れた,???でSatanを倒す,48,Rebirth,item,Forget_Me_Now
The_D20,The D20,Unlocked a new item.,,アイザックで???を倒す,49,Rebirth,item,The_D20
Celtic_Cross,Celtic Cross,Unlocked a new item.,,マギーで???を倒す,50,Rebirth,item,Celtic_Cross
Abel,Abel,Unlocked a new item.,アベルが地下に現れた,ケインで The Lambを倒す,51,Rebirth,item,Abel
Curved_Horn,Curved Horn,Unlocked a new item.,曲がった角が地下に現れた,ユダで The Lambを倒す,52,Rebirth,item,Curved_Horn
Sacrificial_Dagger,Sacrificial Dagger,Unlocked a new item.,イケニエの短刀が地下に現れた,イブで???を倒す,53,Rebirth,item,Sacrificial_Dagger
Bloody_Lust,Bloody Lust,Unlocked a new item.,,サムソンでIsaacを倒す,54,Rebirth,item,Bloody_Lust
Blood_Penny,Blood Penny,Unlocked a new item.,,サムソンで???を体操,55,Rebirth,item,Blood_Penny
Blood_Rights,Blood Rights,Unlocked a new item.,,サムソンでSatanを倒す,56,Rebirth,item,Blood_Rights
The_Polaroid,The Polaroid,Unlocked a new item.,ポラロイドが地下に現れた,Isaacを5回倒す,57,Rebirth,item,The_Polaroid
Dad%27s_Key,Dad's Key,Unlocked a new item.,パパのカギが地下に現れた,1度のプレイでKey Piece1 / Key Piece2の両方を天使より入手する,58,Rebirth,item,Dad%27s_Key
Blue_Candle,Blue Candle,Unlocked a new item.,,募金箱に900コインを募金する,59,Rebirth,item,Blue_Candle
Burnt_Penny,Burnt Penny,Unlocked a new item.,,Beans! (challenge #13)のチャレンジをクリアする,60,Rebirth,item,Burnt_Penny
Lucky_Toe,Lucky Toe,Unlocked a new item.,幸運の足指が地下に現れた,店主を20体爆破する,61,Rebirth,item,Lucky_Toe
Epic_Fetus,Epic Fetus,Unlocked a new item.,素晴らしき胎児が地下に現れた,The Family Man (challenge #19)のチャレンジをクリアする,62,Rebirth,item,Epic_Fetus
SMB_Super_Fan,SMB Super Fan,Unlocked a new item.,,It's in the Cards (challenge #14)のチャレンジをクリアする,63,Rebirth,item,SMB_Super_Fan
Counterfeit_Coin,Counterfeit Coin,Unlocked a new item.,,シェル ゲームまたは懺悔地獄ゲームを 100 回プレイする,64,Rebirth,item,Counterfeit_Coin
Guppy%27s_Hairball,Guppy's Hairball,Unlocked a new item.,ガッピーの毛玉が地下に現れた,ガッピーに変身する,65,Rebirth,item,Guppy%27s_Hairball
A_Forgotten_Horseman,A Forgotten Horseman,Unlocked a new boss!,,天使部屋のアイテムを10個入手する,66,Rebirth,,A_Forgotten_Horseman
Samson,Samson,Unlocked a new character.,サムソンをアンロックした,ダメージを受けずに2フロア連続で突破する,67,Rebirth,character,Samson
Something_Icky,Something Icky,New boss in the womb!,,Isaacを10回倒す,68,Rebirth,,Something_Icky
%21Platinum_God%21,!Platinum God!,OMG!,,ゲーム内のすべての非 DLC アイテムを収集し、すべてのシークレットとエンディングを解除する (The Lost 自身とThe Lostの 6 つのアイテムを除く),69,Rebirth,,%21Platinum_God%21
Isaac%27s_Head,Isaac's Head,Unlocked a new item.,アイザックの頭が地下に現れた,アイザックでボスラッシュをクリアする,70,Rebirth,item,Isaac%27s_Head
Maggy%27s_Faith,Maggy's Faith,Unlocked a new item.,マギーの信念が地下に現れた,マギーでThe Lambを倒す,71,Rebirth,item,Maggy%27s_Faith
Judas%27_Tongue,Judas' Tongue,Unlocked a new item.,ユダの舌が地下に現れた,ユダでSatanを倒す,72,Rebirth,item,Judas%27_Tongue
%3F%3F%3F%27s_Soul,???'s Soul,Unlocked a new item.,,???でThe Lambを倒す,73,Rebirth,item,Blue_Baby%27s_Soul
Samson%27s_Lock,Samson's Lock,Unlocked a new item.,サムソンの髷が地下に現れた,サムソンでThe Lambを倒す,74,Rebirth,item,Samson%27s_Lock
Cain%27s_Eye,Cain's Eye,Unlocked a new item.,,ケインで???を倒す,75,Rebirth,item,Cain%27s_Eye
Eve%27s_Bird_Foot,Eve's Bird Foot,Unlocked a new item.,イブの鳥足が地下に現れた,イブでIsaacを倒す,76,Rebirth,item,Eve%27s_Bird_Foot
The_Left_Hand,The Left Hand,Unlocked a new item.,左手が地下に現れた,いずれかのキャラクターでUltra Prideを倒す、もしくは???をユダで倒す,77,Rebirth,item,The_Left_Hand
The_Negative,The Negative,Unlocked a new item.,ネガティブが地下に現れた,Satanを5回倒す,78,Rebirth,item,The_Negative
Azazel,Azazel,Unlocked a new character.,,1回のプレイで3回悪魔取引をする,79,Rebirth,character,Azazel
Lazarus,Lazarus,Unlocked a new character.,ラザラスをアンロックした,1回のプライで4つ以上のソウルハートを取得する,80,Rebirth,character,Lazarus
Eden,Eden,Unlocked a new character.,エデンをアンロックした,チャプター4をクリアする,81,Rebirth,character,Eden
The_Lost,The Lost,Unlocked a new character.,ザ ロストをアンロックした,Removed in Afterbirth It's complicated Added in Afterbirth Die in a Sacrifice Room Sacrifice Room while holding Missing Poster Missing Poster,82,Rebirth,character,The_Lost
Dead_Boy,Dead Boy,Beat Chest or Dark Room without taking damage.,デッドボーイを達成,ダメージを受けずにチャプター6をクリア,83,Rebirth,,Dead_Boy
The_Real_Platinum_God,The Real Platinum God,111% now stop playing!,,DLC 以外のすべてのアイテムを収集し、すべてのシークレットとエンディングのロックを解除します,84,Rebirth,,The_Real_Platinum_God
Lucky_Rock,Lucky Rock,Destroy 100 rocks.,ラッキーロックが地下に現れた,100個の岩を破壊する,85,Rebirth,,Lucky_Rock
The_Cellar,The Cellar,Alt stage to the basement.,,Basementのすべてのボスを倒す (リペンタンス以降はBaby Plumを除く) ※Basement以外で倒しても構わない,86,Rebirth,,The_Cellar
The_Catacombs,The Catacombs,Alt stage to the caves.,,Cavesのすべてのボスを倒す(リペンタンス以降はBumbinoを除く) ※Caves以外で倒しても構わない,87,Rebirth,,The_Catacombs
The_Necropolis,The Necropolis,Alt stage to the depths.,,Depthsのすべてのボスを倒す(リペンタンス以降はReap Creepを除く) ※Depths以外で倒しても構わない,88,Rebirth,,The_Necropolis
Rune_of_Hagalaz,Rune of Hagalaz,Unlocked a new item.,ハガラズのルーンが地下に現れた,Pitch Black (challenge #1)のチャレンジをクリアする,89,Rebirth,item,Rune_of_Hagalaz
Rune_of_Jera,Rune of Jera,Unlocked a new item.,ジェラのルーンが地下に現れた,High Brow (challenge #2)のチャレンジをクリアする,90,Rebirth,item,Rune_of_Jera
Rune_of_Ehwaz,Rune of Ehwaz,Unlocked a new item.,エワズのルーンが地下に現れた,Head Trauma (challenge #3)のチャレンジをクリアする,91,Rebirth,item,Rune_of_Ehwaz
Rune_of_Dagaz,Rune of Dagaz,Unlocked a new item.,ダガズのルーンが地下に現れた,Darkness Falls (challenge #4)のチャレンジをクリアする,92,Rebirth,item,Rune_of_Dagaz
Rune_of_Ansuz,Rune of Ansuz,Unlocked a new item.,アンスズのルーンが地下に現れた,The Tank (challenge #5)のチャレンジをクリアする,93,Rebirth,item,Rune_of_Ansuz
Rune_of_Perthro,Rune of Perthro,Unlocked a new item.,ペースロのルーンが地下に現れた,Solar System (challenge #6)のチャレンジをクリアする,94,Rebirth,item,Rune_of_Perthro
Rune_of_Berkano,Rune of Berkano,Unlocked a new item.,ベルカナのルーンが地下に現れた,Purist (challenge #20)のチャレンジをクリアする,95,Rebirth,item,Rune_of_Berkano
Rune_of_Algiz,Rune of Algiz,Unlocked a new item.,アルギスのルーンが地下に現れた,Cat Got Your Tongue (challenge #8)のチャレンジをクリアする,96,Rebirth,item,Rune_of_Algiz
Chaos_Card,Chaos Card,Unlocked a new item.,,Demo Man (challenge #9)のチャレンジをクリアする,97,Rebirth,item,Chaos_Card
Credit_Card,Credit Card,Unlocked a new item.,,Cursed! (challenge #10)のチャレンジをクリアする,98,Rebirth,item,Credit_Card
Rules_Card,Rules Card,Unlocked a new item.,ルールカードが地下に現れた,Glass Cannon (challenge #11)のチャレンジをクリアする,99,Rebirth,item,Rules_Card
Card_Against_Humanity,Card Against Humanity,Unlocked a new item.,,When Life Gives You Lemons (challenge #12)のチャレンジをクリアする,100,Rebirth,item,Card_Against_Humanity
Swallowed_Penny,Swallowed Penny,Unlocked a new item.,飲み込んだペニーが地下に現れた,Slow Roll (challenge #15)のチャレンジをクリアする,101,Rebirth,item,Swallowed_Penny
Robo-Baby_2.0,Robo-Baby 2.0,Unlocked a new item.,ロボベイビー改が地下に現れた,Computer Savvy (challenge #16)のチャレンジをクリアする,102,Rebirth,item,Robo-Baby_2.0
Death%27s_Touch,Death's Touch,Unlocked a new item.,死神タッチが地下に現れた,Waka Waka (challenge #17)のチャレンジをクリアする,103,Rebirth,item,Death%27s_Touch
Technology_.5,Technology .5,Unlocked a new item.,テック 0.5が地下に現れた,The Host (challenge #18)のチャレンジをクリアする,104,Rebirth,item,Technology_.5
Missing_No.,Missing No.,Unlocked a new item.,けつばんが地下に現れた,ラザロでボスラッシュをクリアする,105,Rebirth,item,Missing_No.
Isaac%27s_Tears,Isaac's Tears,Unlocked a new item.,アイザックの涙が地下に現れた,アイザックでIsaacを倒す,106,Rebirth,item,Isaac%27s_Tears
Guillotine,Guillotine,Unlocked a new item.,ギロチンが地下に現れた,ユダでIsaacを倒す,107,Rebirth,item,Guillotine
Judas%27_Shadow,Judas' Shadow,Unlocked a new item.,ユダの影が地下に現れた,ユダでボスラッシュをクリアする,108,Rebirth,item,Judas%27_Shadow
Maggy%27s_Bow,Maggy's Bow,Unlocked a new item.,マギーのリボンが地下に現れた,マギーでボスラッシュをクリアする,109,Rebirth,item,Maggy%27s_Bow
Cain%27s_Other_Eye,Cain's Other Eye,Unlocked a new item.,,ケインでボスラッシュをクリアする,110,Rebirth,item,Cain%27s_Other_Eye
Black_Lipstick,Black Lipstick,Unlocked a new item.,,イブでThe Lambを倒す,111,Rebirth,item,Black_Lipstick
Eve%27s_Mascara,Eve's Mascara,Unlocked a new item.,イブのマスカラが地下に現れた,イブでボスラッシュをクリアする,112,Rebirth,item,Eve%27s_Mascara
Fate,Fate,Unlocked a new item.,運命が地下に現れた,???で???を倒す,113,Rebirth,item,Fate
%3F%3F%3F%27s_Only_Friend,???'s Only Friend,Unlocked a new item.,,???でボスラッシュをクリアする,114,Rebirth,item,Blue_Baby%27s_Only_Friend
Samson%27s_Chains,Samson's Chains,Unlocked a new item.,サムソンの鎖が地下に現れた,サムソンでボスラッシュをクリアする,115,Rebirth,item,Samson%27s_Chains
Lazarus%27_Rags,Lazarus' Rags,Unlocked a new item.,ラザラスのぼろきれが地下に現れた,ラザラスでIsaacを倒す,116,Rebirth,item,Lazarus%27_Rags
Broken_Ankh,Broken Ankh,Unlocked a new item.,,ラザラスでSatanを倒す,117,Rebirth,item,Broken_Ankh
Store_Credit,Store Credit,Unlocked a new item.,商品券が地下に現れた,ラザラスで???を倒す,118,Rebirth,item,Store_Credit
Pandora%27s_Box,Pandora's Box,Unlocked a new item.,パンドラの箱が地下に現れた,ラザラスでThe Lambを倒す,119,Rebirth,item,Pandora%27s_Box
Suicide_King,Suicide King,Unlocked a new item.,自殺の王様が地下に現れた,Suicide King (challenge #7)のチャレンジをクリアする,120,Rebirth,item,Suicide_King
Blank_Card,Blank Card,Unlocked a new item.,,エデンでIsaacを倒す,121,Rebirth,item,Blank_Card
Book_of_Secrets,Book of Secrets,Unlocked a new item.,,エデンでSatanを倒す,122,Rebirth,item,Book_of_Secrets
Mysterious_Paper,Mysterious Paper,Unlocked a new item.,謎の紙が地下に現れた,エデンで???を倒す,123,Rebirth,item,Mysterious_Paper
Mystery_Sack,Mystery Sack,Unlocked a new item.,謎の袋が地下に現れた,エデンでThe Lambを倒す,124,Rebirth,item,Mystery_Sack
Undefined,Undefined,Unlocked a new item.,未定義が地下に現れた,エデンでボスラッシュをクリアする,125,Rebirth,item,Undefined
Satanic_Bible,Satanic Bible,Unlocked a new item.,邪惡な聖書が地下に現れた,アザゼルでIsaacを倒す,126,Rebirth,item,Satanic_Bible
Daemon%27s_Tail,Daemon's Tail,Unlocked a new item.,,アザゼルでSatanを倒す,127,Rebirth,item,Daemon%27s_Tail
Abaddon,Abaddon,Unlocked a new item.,アバドンが地下に現れた,アザゼルで???を倒す,128,Rebirth,item,Abaddon
Isaac%27s_Heart,Isaac's Heart,Unlocked a new item.,アイザックの心臓が地下に現れた,ザ・ロストでIsaacを倒す,129,Rebirth,item,Isaac%27s_Heart
The_Mind,The Mind,Unlocked a new item.,ザ マインドが地下に現れた,ザ・ロストでSatanを倒す,130,Rebirth,item,The_Mind
The_Body,The Body,Unlocked a new item.,ザ ボディーが地下に現れた,ザ・ロストで???を倒す,131,Rebirth,item,The_Body
The_Soul,The Soul,Unlocked a new item.,ザ ソウルが地下に現れた,ザ・ロストでThe Lambを倒す,132,Rebirth,item,The_Soul
The_D100,The D100,Unlocked a new item.,,ザ・ロストでボスラッシュをクリアする,133,Rebirth,item,The_D100
Blue_Map,Blue Map,Unlocked a new item.,,募金箱に10コインを募金する,134,Rebirth,item,Blue_Map
There%27s_Options,There's Options,Unlocked a new item.,オプションありが地下に現れた,募金箱に50コインを募金する,135,Rebirth,item,There%27s_Options
Black_Candle,Black Candle,Unlocked a new item,,募金箱に150コインを募金する,136,Rebirth,item,Black_Candle
Red_Candle,Red Candle,Unlocked a new item.,赤いロウソクが地下に現れた,募金箱に400コインを募金する,137,Rebirth,item,Red_Candle
Stop_Watch,Stop Watch,Unlocked a new item,ストップウォッチが地下に現れた,募金箱に999コインを募金する,138,Rebirth,item,Stop_Watch
Wire_Coat_Hanger,Wire Coat Hanger,Unlocked a new item.,コートハンガーが地下に現れた,Mom's Heartを4回倒す,139,Rebirth,item,Wire_Coat_Hanger
Ipecac,Ipecac,Unlocked a new item.,吐き気薬が地下に現れた,Mom's Heartを6回倒す,140,Rebirth,item,Ipecac
Experimental_Treatment,Experimental Treatment,Unlocked a new item.,実験的治療方法が地下に現れた,Mom's Heartを7回倒す,141,Rebirth,item,Experimental_Treatment
Krampus,Krampus,Unlocked another miniboss!,デビルルームでクランプスをアンロックした,悪魔部屋で20個のアイテムを入手する,142,Rebirth,,Krampus
Head_of_Krampus,Head of Krampus,Unlocked a new item.,クランプスの頭が地下に現れた,Krampusを倒す,143,Rebirth,item,Head_of_Krampus
Super_Meat_Boy,Super Meat Boy,Built him out of meat cubes.,スーパーミートボーイを作った！,Make a Super Meat Boy by picking up 4 copies of Cube of Meat Cube of Meat in one run; see Unlocking Super Meat Boy & Super Bandage Girl,144,Rebirth,,Super_Meat_Boy
Butter_Bean,Butter Bean,Unlocked a new item.,,うんちを100つ破壊する,145,Rebirth,item,Butter_Bean
Little_Baggy,Little Baggy,Unlocked a new item.,こぶくろが地下に現れた,Pick up any 2 of the following items in a single run: Roid Rage Roid Rage  The Virus The Virus Growth Hormones Growth Hormones Experimental Treatment Experimental Treatment and Speed Ball Speed Ball (Added in Repentance Any 2 items that have the 'syringe' item tag),146,Rebirth,item,Little_Baggy
Blood_Bag,Blood Bag,Unlocked a new item.,,Use the Blood Donation Machine.png Blood Donation Machine 30 times,147,Rebirth,item,Blood_Bag
The_D4,The D4,Unlocked a new item.,,Blow up 30 Slot Machine.png Slot Machine,148,Rebirth,item,The_D4
Missing_Poster,Missing Poster,Unlocked a new item.,,Defeat The Lamb as Isaac Isaac,149,Rebirth,item,Missing_Poster
Rubber_Cement,Rubber Cement,Unlocked a new item.,ゴムセメントが地下に現れた,Defeat Mom's Heart 2 times,150,Rebirth,item,Rubber_Cement
Store_Upgrade_lv.1,Store Upgrade lv.1,Donated 20 pennies to the shop.,ストアアップグレード Lv.1,Donate 20 Coins to the Donation Machine.png Donation Machine,151,Rebirth,,Store_Upgrade_lv.1
Store_Upgrade_lv.2,Store Upgrade lv.2,Donated 100 pennies to the shop.,ストアアップグレード Lv.2,Donate 100 Coins to the Donation Machine.png Donation Machine,152,Rebirth,,Store_Upgrade_lv.2
Store_Upgrade_lv.3,Store Upgrade lv.3,Donated 200 pennies to the shop.,ストアアップグレード Lv.3,Donate 200 Coins to the Donation Machine.png Donation Machine,153,Rebirth,,Store_Upgrade_lv.3
Store_Upgrade_lv.4,Store Upgrade lv.4,Donated 600 pennies to the shop.,ストアアップグレード Lv.4,Donate 600 Coins to the Donation Machine.png Donation Machine,154,Rebirth,,Store_Upgrade_lv.4
Angels,Angels,They are waiting.,,Complete Chapter 6,155,Rebirth,,Angels
Godhead,Godhead,Unlocked a new item.,神の首が地下に現れた,Earn all Removed in Afterbirth 5 / Added in Afterbirth / Removed in Afterbirth † 9 (except Ultra Greed) / / Removed in Repentance 10 / Added in Repentance 12 Completion Marks on Hard mode as The Lost The Lost,156,Rebirth,item,Godhead
Darkness_Falls,Darkness Falls,Unlocked Challenge #4.,,Removed in Repentance Defeat Mom's Heart 11 times Defeat Satan and ??? as Eve Eve,157,Rebirth,,Darkness_Falls
The_Tank,The Tank,Unlocked Challenge #5.,,Have 7 or more Red Heart Containers at one time,158,Rebirth,,The_Tank
Solar_System,Solar System,Unlocked Challenge #6.,,Defeat Mom's Heart 3 times,159,Rebirth,,Solar_System
Suicide_King,Suicide King,Unlocked Challenge #7.,,Defeat Mom's Heart 11 times,160,Rebirth,,Suicide_King
Cat_Got_Your_Tongue,Cat Got Your Tongue,Unlocked Challenge #8.,,Become Guppy,161,Rebirth,,Cat_Got_Your_Tongue
Demo_Man,Demo Man,Unlocked Challenge #9.,,Defeat Mom's Heart 9 times,162,Rebirth,,Demo_Man
Cursed%21,Cursed!,Unlocked Challenge #10.,,Have 7 or more Red Heart Containers at one time,163,Rebirth,,Cursed%21
Glass_Cannon,Glass Cannon,Unlocked Challenge #11.,,Beat The Family Man (challenge #19) and defeat Lokii,164,Rebirth,,Glass_Cannon
The_Family_Man,The Family Man,Unlocked Challenge #19.,,Pick up both Key Pieces from the Angels in one run,165,Rebirth,,The_Family_Man
Purist,Purist,Unlocked Challenge #20.,,Defeat Mom,166,Rebirth,,Purist
Lost_Baby,Lost Baby,Unlocked a new co-player baby.,ロストベイビーをアンロックした,Defeat Mom's Heart on Hard mode as Isaac Isaac,167,Rebirth,coop,Lost_Baby
Cute_Baby,Cute Baby,Unlocked a new co-player baby.,可愛いベイビーをアンロックした,Defeat Mom's Heart on Hard mode as Magdalene Magdalene,168,Rebirth,coop,Cute_Baby
Crow_Baby,Crow Baby,Unlocked a new co-player baby.,をアンロックした,Defeat Mom's Heart on Hard mode as Eve Eve,169,Rebirth,coop,Crow_Baby
Shadow_Baby,Shadow Baby,Unlocked a new co-player baby.,シャドーベイビーをアンロックした,Defeat Mom's Heart on Hard mode as Judas Judas,170,Rebirth,coop,Shadow_Baby
Glass_Baby,Glass Baby,Unlocked a new co-player baby.,ガラスベイビーをアンロックした,Defeat Mom's Heart on Hard mode as Cain Cain,171,Rebirth,coop,Glass_Baby
Wrapped_Baby,Wrapped Baby,Unlocked a new co-player baby.,包まれたベイビーをアンロックした,Removed in Afterbirth † Defeat Mom's Heart on Hard mode as Azazel Azazel Defeat Mom's Heart on Hard mode as Lazarus Lazarus,172,Rebirth,coop,Wrapped_Baby
Begotten_Baby,Begotten Baby,Unlocked a new co-player baby.,をアンロックした,Removed in Afterbirth † Defeat Mom's Heart on Hard mode as Lazarus Lazarus Defeat Mom's Heart on Hard mode as Azazel Azazel,173,Rebirth,coop,Begotten_Baby
Dead_Baby,Dead Baby,Unlocked a new co-player baby.,デッドベイビーをアンロックした,Defeat Mom's Heart on Hard mode as ??? ???,174,Rebirth,coop,Dead_Baby
-0-_Baby,-0- Baby,Unlocked a new co-player baby.,0をアンロックした,Defeat Mom's Heart on Hard mode as The Lost The Lost,175,Rebirth,coop,-0-_Baby
Glitch_Baby,Glitch Baby,Unlocked a new co-player baby.,グリッチベイビーをアンロックした,Defeat Mom's Heart on Hard mode as Eden Eden,176,Rebirth,coop,Glitch_Baby
Fighting_Baby,Fighting Baby,Unlocked a new co-player baby.,ファイティングベイビーをアンロックした,Defeat Mom's Heart on Hard mode as Samson Samson,177,Rebirth,coop,Fighting_Baby
Lord_of_the_Flies,Lord of the Flies,You became Lord of the Flies.,そしてあなたは蠅の王となった!,Become Beelzebub,178,Rebirth,,Lord_of_the_Flies
Fart_Baby,Fart Baby,Unlocked a new item.,ファーティングベイビーをアンロックした,アイザックでHushを倒す,179,Afterbirth,item,Fart_Baby
Purity,Purity,Unlocked a new item.,純潔が地下に現れた,マギーでHushを倒す,180,Afterbirth,item,Purity
D12,D12,Unlocked a new item.,D12が地下に現れた,ケインでHushを倒す,181,Afterbirth,item,D12
Betrayal,Betrayal,Unlocked a new item.,裏切りが地下に現れた,ユダでHushを倒す,182,Afterbirth,item,Betrayal
Fate%27s_Reward,Fate's Reward,Unlocked a new item.,運命からのごほうびが地下に現れた,???でHushを倒す,183,Afterbirth,item,Fate%27s_Reward
Athame,Athame,Unlocked a new item.,儀式の刃が地下に現れた,イブでHushを倒す,184,Afterbirth,item,Athame
Blind_Rage,Blind Rage,Unlocked a new item.,見えない憤怒が地下に現れた,サムソンでHushを倒す,185,Afterbirth,item,Blind_Rage
Maw_of_the_Void,Maw of the Void,Unlocked a new item.,モーオブザボイドが地下に現れた,アザゼルでHushを倒す,186,Afterbirth,item,Maw_of_the_Void
Empty_Vessel,Empty Vessel,Unlocked a new item.,からっぽの器が地下に現れた,ラザラスでHushを倒す,187,Afterbirth,item,Empty_Vessel
Eden%27s_Blessing,Eden's Blessing,Unlocked a new item.,エデンのご加護が地下に現れた,エデンでHushを倒す,188,Afterbirth,item,Eden%27s_Blessing
Sworn_Protector,Sworn Protector,Unlocked a new item.,契約の守護者が地下に現れた,ザ・ロストでHushを倒す,189,Afterbirth,item,Sworn_Protector
Incubus,Incubus,Unlocked a new item.,インキュバスが地下に現れた,リリスでHushを倒す,190,Afterbirth,item,Incubus
Keeper_now_holds..._A_Penny%21,Keeper now holds... A Penny!,Unlocked a new item.,キーパーは…ペニーを手に入れた！,キーパーでHushを倒す,191,Afterbirth,item,Keeper_now_holds..._A_Penny%21
Lil%27_Chest,Lil' Chest,Unlocked a new item.,小さな収納箱が地下に現れた,Defeat Ultra Greed as Isaac Isaac,192,Afterbirth,item,Lil%27_Chest
Censer,Censer,Unlocked a new item.,香炉が地下に現れた,Defeat Ultra Greed as Magdalene Magdalene,193,Afterbirth,item,Censer
Evil_Eye,Evil Eye,Unlocked a new item.,邪眼が地下に現れた,Defeat Ultra Greed as Cain Cain,194,Afterbirth,item,Evil_Eye
My_Shadow,My Shadow,Unlocked a new item.,ぼくの影が地下に現れた,Defeat Ultra Greed as Judas Judas,195,Afterbirth,item,My_Shadow
Cracked_Dice,Cracked Dice,Unlocked a new item.,割れたダイスが地下に現れた,Defeat Ultra Greed as ??? ???,196,Afterbirth,item,Cracked_Dice
Black_Feather,Black Feather,Unlocked a new item.,漆黒の羽根が地下に現れた,Defeat Ultra Greed as Eve Eve,197,Afterbirth,item,Black_Feather
Lusty_Blood,Lusty Blood,Unlocked a new item.,頑健ブラッドが地下に現れた,Defeat Ultra Greed as Samson Samson,198,Afterbirth,item,Lusty_Blood
Lilith,Lilith,Unlocked a new character.,リリスをアンロックした,Defeat Ultra Greed as Azazel Azazel,199,Afterbirth,character,Lilith
Key_Bum,Key Bum,Unlocked a new item.,キーバムが地下に現れた,Defeat Ultra Greed as Lazarus Lazarus,200,Afterbirth,item,Key_Bum
GB_Bug,GB Bug,Unlocked a new item.,GBバグが地下に現れた,Defeat Ultra Greed as Eden Eden,201,Afterbirth,item,GB_Bug
Zodiac,Zodiac,Unlocked a new item.,ゾディアックが地下に現れた,Defeat Ultra Greed as The Lost The Lost,202,Afterbirth,item,Zodiac
Box_of_Friends,Box of Friends,Unlocked a new item.,おともだちボックスが地下に現れた,Defeat Ultra Greed as Lilith Lilith,203,Afterbirth,item,Box_of_Friends
Rib_of_Greed,Rib of Greed,Unlocked a new item.,強欲アバラ骨が地下に現れた,Defeat Ultra Greed as Keeper Keeper,204,Afterbirth,item,Rib_of_Greed
Cry_Baby,Cry Baby,Unlocked a new co-player baby.,泣き虫ベイビーが地下に現れた,Defeat Mega Satan as Isaac Isaac,205,Afterbirth,coop,Cry_Baby
Red_Baby,Red Baby,Unlocked a new co-player baby.,赤いベイビーが地下に現れた,Defeat Mega Satan as Magdalene Magdalene,206,Afterbirth,coop,Red_Baby
Green_Baby,Green Baby,Unlocked a new co-player baby.,緑ベイビーが地下に現れた,Defeat Mega Satan as Cain Cain,207,Afterbirth,coop,Green_Baby
Brown_Baby,Brown Baby,Unlocked a new co-player baby.,茶色ベイビーが地下に現れた,Defeat Mega Satan as Judas Judas,208,Afterbirth,coop,Brown_Baby
Blue_Baby,Blue Baby,Unlocked a new co-player baby.,ブルーベイビーが地下に現れた,Defeat Mega Satan as ??? ???,209,Afterbirth,coop,Blue_Baby
Lil%27_Baby,Lil' Baby,Unlocked a new co-player baby.,小さなベイビーが地下に現れた,Defeat Mega Satan as Eve Eve,210,Afterbirth,coop,Lil%27_Baby
Rage_Baby,Rage Baby,Unlocked a new co-player baby.,憤怒ベイビーが地下に現れた,Defeat Mega Satan as Samson Samson,211,Afterbirth,coop,Rage_Baby
Black_Baby,Black Baby,Unlocked a new co-player baby.,ブラックベイビーが地下に現れた,Defeat Mega Satan as Azazel Azazel,212,Afterbirth,coop,Black_Baby
Long_Baby,Long Baby,Unlocked a new co-player baby.,ロングベイビーが地下に現れた,Defeat Mega Satan as Lazarus Lazarus,213,Afterbirth,coop,Long_Baby
Yellow_Baby,Yellow Baby,Unlocked a new co-player baby.,イエローベイビーが地下に現れた,Defeat Mega Satan as Eden Eden,214,Afterbirth,coop,Yellow_Baby
White_Baby,White Baby,Unlocked a new co-player baby.,ホワイトベイビーが地下に現れた,Defeat Mega Satan as The Lost The Lost,215,Afterbirth,coop,White_Baby
Big_Baby,Big Baby,Unlocked a new co-player baby.,大きなベイビーが地下に現れた,Defeat Mega Satan as Lilith Lilith,216,Afterbirth,coop,Big_Baby
Noose_Baby,Noose Baby,Unlocked a new co-player baby.,しめ縄ベイビーが地下に現れた,Defeat Mega Satan as Keeper Keeper,217,Afterbirth,coop,Noose_Baby
Rune_Bag,Rune Bag,Unlocked a new item.,ルーン袋が地下に現れた,リリスでIsaacを倒す,218,Afterbirth,item,Rune_Bag
Cambion_Conception,Cambion Conception,Unlocked a new item.,忌血の胎児が地下に現れた,リリスで???を倒す,219,Afterbirth,item,Cambion_Conception
Serpent%27s_Kiss,Serpent's Kiss,Unlocked a new item.,サーペントのくちづけが地下に現れた,Defeat Satan as Lilith Lilith,220,Afterbirth,item,Serpent%27s_Kiss
Succubus,Succubus,Unlocked a new item.,サキュバスが地下に現れた,Defeat The Lamb as Lilith Lilith,221,Afterbirth,item,Succubus
Immaculate_Conception,Immaculate Conception,Unlocked a new item.,純潔の胎児が地下に現れた,Complete the Boss Rush Boss Rush as Lilith Lilith,222,Afterbirth,item,Immaculate_Conception
Goat_Head_Baby,Goat Head Baby,Unlocked a new co-player baby.,ゴートヘッドベイビーが地下に現れた,Defeat Mom's Heart on Hard mode as Lilith Lilith,223,Afterbirth,coop,Goat_Head_Baby
Gold_Heart,Gold Heart,Unlocked a new item.,ゴールドハートが地下に現れた,XXXXXXXXL (challenge #21)のチャレンジをクリアする,224,Afterbirth,item,Gold_Heart
Get_out_of_Jail_Free_Card,Get out of Jail Free Card,Unlocked a new item.,刑務所釈放カードが地下に現れた,SPEED! (challenge #22)のチャレンジをクリアする,225,Afterbirth,item,Get_out_of_Jail_Free_Card
Gold_Bomb,Gold Bomb,Unlocked a new item.,金のボムが地下に現れた,Blue Bomber (challenge #23)のチャレンジをクリアする,226,Afterbirth,item,Gold_Bomb
2_new_pills,2 new pills,Unlocked a new item.,新しいピルが２つ現れた,PAY TO PLAY (challenge #24)のチャレンジをクリアする,227,Afterbirth,item,2_new_pills
2_new_pills,2 new pills,Unlocked a new item.,新しいピルが２つ現れた,Have a Heart (challenge #25)のチャレンジをクリアする,228,Afterbirth,item,2_new_pills
Poker_Chip,Poker Chip,Unlocked a new item.,ポーカーチップが地下に現れた,I RULE! (challenge #26)のチャレンジをクリアする,229,Afterbirth,item,Poker_Chip
Stud_Finder,Stud Finder,Unlocked a new item.,トゲトゲファインダーが地下に現れた,BRAINS! (challenge #27)のチャレンジをクリアする,230,Afterbirth,item,Stud_Finder
D8,D8,Unlocked a new item.,D8が地下に現れた,PRIDE DAY! (challenge #28)のチャレンジをクリアする,231,Afterbirth,item,D8
Kidney_Stone,Kidney Stone,Unlocked a new item.,腎臓結石が地下に現れた,Removed in Afterbirth † Complete The Guardian (challenge #30) Complete Onan's Streak (challenge #29),232,Afterbirth,item,Kidney_Stone
Blank_Rune,Blank Rune,Unlocked a new item.,ブランクルーンが地下に現れた,Removed in Afterbirth † Complete Onan's Streak (challenge #29) Complete The Guardian (challenge #30),233,Afterbirth,item,Blank_Rune
Blue_Womb,Blue Womb,Unlocked a hidden chapter.,青い子宮をアンロックした,Defeat Mom's Heart 10 times,234,Afterbirth,,Blue_Womb
1001%25,1001%,Nerd x 1000000,1001%!!,Unlock all secrets and endings and collect every item in the game,235,Afterbirth,,1001%25
Keeper_holds_Wooden_Nickel,Keeper holds Wooden Nickel,Unlocked a new starting item.,キーパーは…木製硬貨を手に入れた！,キーパーでIsaacを倒す,236,Afterbirth,,Keeper_holds_Wooden_Nickel
Keeper_holds_Store_Key,Keeper holds Store Key,Unlocked a new starting item.,キーパーは…店の鍵を手に入れた！,Defeat Satan as Keeper Keeper,237,Afterbirth,,Keeper_holds_Store_Key
Deep_Pockets,Deep Pockets,Unlocked a new item.,深いポケットが地下に現れた,キーパーで???を倒す,238,Afterbirth,item,Deep_Pockets
Karma,Karma,Unlocked a new item.,カルマが地下に現れた,Defeat The Lamb as Keeper Keeper,239,Afterbirth,item,Karma
Sticky_Nickels,Sticky Nickels,Unlocked a new item.,ベタベタ硬貨が地下に現れた,Complete the Boss Rush Boss Rush as Keeper Keeper,240,Afterbirth,item,Sticky_Nickels
Super_Greed_Baby,Super Greed Baby,Unlocked a new co-player baby.,スーパーグリードベイビーが地下に現れた,Defeat Mom's Heart on Hard mode as Keeper Keeper,241,Afterbirth,coop,Super_Greed_Baby
Lucky_Pennies,Lucky Pennies,Unlocked a new item.,ラッキーペニーが地下に現れた,Donate 1 Coin to the Greed Donation Machine.png Greed Donation Machine,242,Afterbirth,item,Lucky_Pennies
Special_Hanging_Shopkeepers,Special Hanging Shopkeepers,Unlocked a secret.,スペシャルぶら下がり店番をアンロックした,Donate 10 Coins to the Greed Donation Machine.png Greed Donation Machine,243,Afterbirth,,Special_Hanging_Shopkeepers
Wooden_Nickel,Wooden Nickel,Unlocked a new item.,木製硬貨が地下に現れた,Donate 30 Coins to the Greed Donation Machine.png Greed Donation Machine,244,Afterbirth,item,Wooden_Nickel
Cain_holds_Paperclip,Cain holds Paperclip,Unlocked a new starting item.,ケインは…ペーパークリップを手に入れた！,Donate 68 Coins to the Greed Donation Machine.png Greed Donation Machine,245,Afterbirth,,Cain_holds_Paperclip
Everything_is_Terrible_2%21%21%21,Everything is Terrible 2!!!,Greed just got harder!,全てが最惡だ２！ゲームの難易度が更にアップ！,Donate 111 Coins to the Greed Donation Machine.png Greed Donation Machine,246,Afterbirth,,Everything_is_Terrible_2%21%21%21
Special_Shopkeepers,Special Shopkeepers,Unlocked a secret.,スペシャル店番をアンロックした,Donate 234 Coins to the Greed Donation Machine.png Greed Donation Machine,247,Afterbirth,,Special_Shopkeepers
Eve_now_holds_Razor_Blade,Eve now holds Razor Blade,Unlocked a new starting item.,イブは…かみそりを手に入れた！,Donate 439 Coins to the Greed Donation Machine.png Greed Donation Machine,248,Afterbirth,,Eve_now_holds_Razor_Blade
Store_Key,Store Key,Unlocked a new item.,店の鍵が地下に現れた,Donate 666 Coins to the Greed Donation Machine.png Greed Donation Machine,249,Afterbirth,item,Store_Key
Lost_holds_Holy_Mantle,Lost holds Holy Mantle,Unlocked a new starting item.,ロストは…聖なるマントを手に入れた！,Donate 879 Coins to the Greed Donation Machine.png Greed Donation Machine,250,Afterbirth,,Lost_holds_Holy_Mantle
Keeper,Keeper,Unlocked a new character.,キーパーをアンロックした,Donate 1000 Coins to the Greed Donation Machine.png Greed Donation Machine,251,Afterbirth,character,Keeper
Hive_Baby,Hive Baby,Unlocked a new co-player baby.,ハイヴベイビーが地下に現れた,Earn all Hard mode Completion Marks as ??? ???,252,Afterbirth,coop,Hive_Baby
Buddy_Baby,Buddy Baby,Unlocked a new co-player baby.,バディーベイビーが地下に現れた,Earn all Hard mode Completion Marks as Isaac Isaac,253,Afterbirth,coop,Buddy_Baby
Colorful_Baby,Colorful Baby,Unlocked a new co-player baby.,カラフルベイビーが地下に現れた,Earn all Hard mode Completion Marks as Magdalene Magdalene,254,Afterbirth,coop,Colorful_Baby
Whore_Baby,Whore Baby,Unlocked a new co-player baby.,バビロンのベイビーが地下に現れた,Earn all Hard mode Completion Marks as Eve Eve,255,Afterbirth,coop,Whore_Baby
Cracked_Baby,Cracked Baby,Unlocked a new co-player baby.,割れたベイビーが地下に現れた,Earn all Hard mode Completion Marks as Eden Eden,256,Afterbirth,coop,Cracked_Baby
Dripping_Baby,Dripping Baby,Unlocked a new co-player baby.,垂れたベイビーが地下に現れた,Earn all Hard mode Completion Marks as Lazarus Lazarus,257,Afterbirth,coop,Dripping_Baby
Blinding_Baby,Blinding Baby,Unlocked a new co-player baby.,ブラインディングベイビーが地下に現れた,Use Blank Card Blank Card while holding XIX - The Sun XIX - The Sun,258,Afterbirth,coop,Blinding_Baby
Sucky_Baby,Sucky Baby,Unlocked a new co-player baby.,サッキーベイビーが地下に現れた,Earn all Hard mode Completion Marks as Azazel Azazel,259,Afterbirth,coop,Sucky_Baby
Dark_Baby,Dark Baby,Unlocked a new co-player baby.,ダークベイビーが地下に現れた,Earn all Hard mode Completion Marks as Lilith Lilith,260,Afterbirth,coop,Dark_Baby
Picky_Baby,Picky Baby,Unlocked a new co-player baby.,ピッキーベイビーが地下に現れた,Earn all Hard mode Completion Marks as Cain Cain,261,Afterbirth,coop,Picky_Baby
Revenge_Baby,Revenge Baby,Unlocked a new co-player baby.,リベンジベイビーが地下に現れた,Earn all Hard mode Completion Marks as Samson Samson,262,Afterbirth,coop,Revenge_Baby
Belial_Baby,Belial Baby,Unlocked a new co-player baby.,ベリアルベイビーが地下に現れた,Earn all Hard mode Completion Marks as Judas Judas,263,Afterbirth,coop,Belial_Baby
Sale_Baby,Sale Baby,Unlocked a new co-player baby.,セールベイビーが地下に現れた,Earn all Hard mode Completion Marks as Keeper Keeper,264,Afterbirth,coop,Sale_Baby
XXXXXXXXL,XXXXXXXXL,Unlocked Challenge #21.,,Defeat Mom,265,Afterbirth,,XXXXXXXXL
SPEED%21,SPEED!,Unlocked Challenge #22.,,Defeat Mom,266,Afterbirth,,SPEED%21
Blue_Bomber,Blue Bomber,Unlocked Challenge #23.,,Destroy 10 Tinted Rocks and defeat Mom's Heart 11 times,267,Afterbirth,,Blue_Bomber
PAY_TO_PLAY,PAY TO PLAY,Unlocked Challenge #24.,,ケインでIsaacを倒す,268,Afterbirth,,PAY_TO_PLAY
Have_a_Heart,Have a Heart,Unlocked Challenge #25.,,Defeat Mom,269,Afterbirth,,Have_a_Heart
I_RULE%21,I RULE!,Unlocked Challenge #26.,,Removed in Repentance Defeat ??? or The Lamb and defeat Satan as Isaac Isaac Defeat Mega Satan,270,Afterbirth,,I_RULE%21
BRAINS%21,BRAINS!,Unlocked Challenge #27.,,Isaacを5回倒す,271,Afterbirth,,BRAINS%21
PRIDE_DAY%21,PRIDE DAY!,Unlocked Challenge #28.,,Defeat Mom,272,Afterbirth,,PRIDE_DAY%21
Onan%27s_Streak,Onan's Streak,Unlocked Challenge #29.,,Added in Afterbirth / Removed in Repentance Defeat Mom Mom Unlock Judas Judas and It Lives It Lives.,273,Afterbirth,,Onan%27s_Streak
The_Guardian,The Guardian,Unlocked Challenge #30.,,Defeat Mom,274,Afterbirth,,The_Guardian
Generosity,Generosity,If only everyone was as generous as you are...,皆、貴方ぐらい気が大きければ…,Donate 999 Coins to the Greed Donation Machine.png Greed Donation Machine,275,Afterbirth,,Generosity
Mega,Mega,Unlocked...,メガブラストが地下に現れた,Defeat Mega Satan as every character (Added in Repentance except Tainted characters),276,Afterbirth,,Mega
Backasswards,Backasswards,Unlocked a new challenge.,,Removed in Repentance Defeat ??? or The Lamb Added in Repentance Defeat Mega Satan,277,Afterbirth †,,Backasswards
Aprils_fool,Aprils fool,Unlocked a new challenge.,,Defeat Mom,278,Afterbirth †,challenge,Aprils_fool
Pokey_Mans,Pokey Mans,Unlocked a new challenge.,,Defeat Mom's Heart 11 times,279,Afterbirth †,challenge,Pokey_Mans
Ultra_Hard,Ultra Hard,Unlocked a new challenge.,,Removed in Repentance Defeat ??? or The Lamb. Possession of The Polaroid The Polaroid / The Negative The Negative is required / barring getting to Dark Room Dark Room through a Sacrifice Room Sacrifice Room.Added in Repentance Defeat Mega Satan,280,Afterbirth †,challenge,Ultra_Hard
PONG,PONG,Unlocked a new challenge.,,Isaacを5回倒す,281,Afterbirth †,challenge,PONG
D_Infinity,D Infinity,Unlocked a new item.,Dインフィニティが地下に現れた,アイザックでDeliriumを倒す,282,Afterbirth †,item,D_Infinity
Eucharist,Eucharist,Unlocked a new item.,エウカリストが地下に現れた,マギーでDeliriumを倒す,283,Afterbirth †,item,Eucharist
Silver_Dollar,Silver Dollar,Unlocked a new item.,シルバーダラーが地下に現れた,ケインでDeliriumを倒す,284,Afterbirth †,item,Silver_Dollar
Shade,Shade,Unlocked a new item.,シェードが地下に現れた,ユダでDeliriumを倒す,285,Afterbirth †,item,Shade
King_Baby,King Baby,Unlocked a new co-player baby.,キングベイビーが地下に現れた,???でDeliriumを倒す,286,Afterbirth †,coop,King_Baby
Bloody_Crown,Bloody Crown,Unlocked a new item.,,サムソンでDeliriumを倒す,287,Afterbirth †,item,Bloody_Crown
Dull_Razor,Dull Razor,Unlocked a new item.,切れ味の鈍いカミソリが地下に現れた,イブでDeliriumを倒す,288,Afterbirth †,item,Dull_Razor
Eden%27s_Soul,Eden's Soul,Unlocked a new item.,エデンの魂が地下に現れた,エデンでDeliriumを倒す,289,Afterbirth †,item,Eden%27s_Soul
Dark_Prince%27s_Crown,Dark Prince's Crown,Unlocked a new item.,ダークプリンスの冠が地下に現れた,アザゼルでDeliriumを倒す,290,Afterbirth †,item,Dark_Prince%27s_Crown
Compound_Fracture,Compound Fracture,Unlocked a new item.,,ラザラスでDeliriumを倒す,291,Afterbirth †,item,Compound_Fracture
Euthanasia,Euthanasia,Unlocked a new item.,安楽死が地下に現れた,リリスでDeliriumを倒す,292,Afterbirth †,item,Euthanasia
Holy_Card,Holy Card,Unlocked a new item.,聖なるカードが地下に現れた,ザ・ロストでDeliriumを倒す,293,Afterbirth †,item,Holy_Card
Crooked_Penny,Crooked Penny,Unlocked a new item.,,キーパーでDeliriumを倒す,294,Afterbirth †,item,Crooked_Penny
Void,Void,Unlocked a new item.,ボイドが地下に現れた,アポリオンでDeliriumを倒す,295,Afterbirth †,item,Void
D1,D1,Unlocked a new item.,D1が地下に現れた,Defeat Ultra Greedier as Isaac Isaac,296,Afterbirth †,item,D1
Glyph_of_Balance,Glyph of Balance,Unlocked a new item.,バランスのグリフが地下に現れた,Defeat Ultra Greedier as Magdalene Magdalene,297,Afterbirth †,item,Glyph_of_Balance
Sack_of_Sacks,Sack of Sacks,Unlocked a new item.,袋の中の袋が地下に現れた,Defeat Ultra Greedier as Cain Cain,298,Afterbirth †,item,Sack_of_Sacks
Eye_of_Belial,Eye of Belial,Unlocked a new item.,ベリアルの目が地下に現れた,Defeat Ultra Greedier as Judas Judas,299,Afterbirth †,item,Eye_of_Belial
Meconium,Meconium,Unlocked a new item.,カニババが地下に現れた,Defeat Ultra Greedier as ??? ???,300,Afterbirth †,item,Meconium
Stem_Cell,Stem Cell,Unlocked a new item.,幹細胞が地下に現れた,Defeat Ultra Greedier as Samson Samson,301,Afterbirth †,item,Stem_Cell
Crow_Heart,Crow Heart,Unlocked a new item.,,Defeat Ultra Greedier as Eve Eve,302,Afterbirth †,item,Crow_Heart
Metronome,Metronome,Unlocked a new item.,メトロノームが地下に現れた,Defeat Ultra Greedier as Eden Eden,303,Afterbirth †,item,Metronome
Bat_Wing,Bat Wing,Unlocked a new item.,,Defeat Ultra Greedier as Azazel Azazel,304,Afterbirth †,item,Bat_Wing
Plan_C,Plan C,Unlocked a new item.,プランCが地下に現れた,Defeat Ultra Greedier as Lazarus Lazarus,305,Afterbirth †,item,Plan_C
Duality,Duality,Unlocked a new item.,二重性が地下に現れた,Defeat Ultra Greedier as Lilith Lilith,306,Afterbirth †,item,Duality
Dad%27s_Lost_Coin,Dad's Lost Coin,Unlocked a new item.,パパが失くしたコインが地下に現れた,Defeat Ultra Greedier as The Lost The Lost,307,Afterbirth †,item,Dad%27s_Lost_Coin
Eye_of_Greed,Eye of Greed,Unlocked a new item.,グリードの目が地下に現れた,Defeat Ultra Greedier as Keeper Keeper,308,Afterbirth †,item,Eye_of_Greed
Black_Rune,Black Rune,Unlocked a new item.,,Defeat Ultra Greedier as Apollyon Apollyon,309,Afterbirth †,item,Black_Rune
Locust_of_Wrath,Locust of Wrath,Unlocked a new item.,戦争のセミが地下に現れた,アポリオンでIsaacを倒す,310,Afterbirth †,item,Locust_of_Wrath
Locust_of_Pestilence,Locust of Pestilence,Unlocked a new item.,疫病のセミが地下に現れた,Defeat Satan as Apollyon Apollyon,311,Afterbirth †,item,Locust_of_Pestilence
Locust_of_Famine,Locust of Famine,Unlocked a new item.,飢饉のセミが地下に現れた,アポリオンで???を倒す,312,Afterbirth †,item,Locust_of_Famine
Locust_of_Death,Locust of Death,Unlocked a new item.,死のセミが地下に現れた,Defeat The Lamb as Apollyon Apollyon,313,Afterbirth †,item,Locust_of_Death
Locust_of_Conquest,Locust of Conquest,Unlocked a new item.,征服のセミが地下に現れた,Complete the Boss Rush Boss Rush as Apollyon Apollyon,314,Afterbirth †,item,Locust_of_Conquest
Hushy,Hushy,Unlocked a new item.,ハッシーが地下に現れた,アポリオンでHushを倒す,315,Afterbirth †,item,Hushy
Brown_Nugget,Brown Nugget,Unlocked a new item.,,Defeat Ultra Greed as Apollyon Apollyon,316,Afterbirth †,item,Brown_Nugget
Mort_Baby,Mort Baby,Unlocked a new co-player baby.,モートベイビーが地下に現れた,Defeat Mega Satan as Apollyon Apollyon,317,Afterbirth †,coop,Mort_Baby
Smelter,Smelter,Unlocked a new item.,スメルターが地下に現れた,Defeat Mom's Heart or It Lives! on Hard mode as Apollyon Apollyon,318,Afterbirth †,item,Smelter
Apollyon_Baby,Apollyon Baby,Unlocked a new co-player baby.,,Earn all Hard mode Completion Marks as Apollyon Apollyon,319,Afterbirth †,coop,Apollyon_Baby
New_Area,New Area,Unlocked a new area.,,Hushを倒す,320,Afterbirth †,,New_Area
Once_More_with_Feeling%21,Once More with Feeling!,Unlocked a new item.,,Complete a Victory Lap defeating The Lamb,321,Afterbirth †,item,Once_More_with_Feeling%21
Hat_trick%21,Hat trick!,Unlocked a new item.,,Get a 3-win streak,322,Afterbirth †,item,Hat_trick%21
5_Nights_at_Mom%27s,5 Nights at Mom's,Unlocked super special rocks.,,Get a 5-win streak (Added in Repentance 3-win streak) using a different character each time (Mega Satan victories do not count if the Void portal doesn't spawn),323,Afterbirth †,,5_Nights_at_Mom%27s
Sin_collector,Sin collector,Unlocked a new item.,,Collect every entry in the Bestiary (bugged v190 - Mobs that don't exist in the bestiary are being counted. This allows Sin Collector to be unlocked without a complete bestiary),324,Afterbirth †,item,Sin_collector
Dedication,Dedication,Unlocked a new item.,,Participate in 31 Daily Challenges (they don't have to be consecutive; it will still count if Isaac dies in the first room),325,Afterbirth †,item,Dedication
ZIP%21,ZIP!,Unlocked a new item.,,Defeat The Lamb in under 20 minutes,326,Afterbirth †,item,ZIP%21
It%27s_the_Key,It's the Key,Unlocked a new item.,,Defeat The Lamb without taking Hearts Coins or Bombs through the entire run,327,Afterbirth †,item,It%27s_the_Key
Mr._Resetter%21,Mr. Resetter!,Unlocked a new item.,,Reset 7 times in a row (Switch PS4 Get a minus 10-win streak,328,Afterbirth †,item,Mr._Resetter%21
Living_on_the_edge,Living on the edge,Unlocked a new item.,,Complete a Chapter (floors I and II) after Basement Basement start-to-finish with only half a Heart total (can use The Lost The Lost),329,Afterbirth †,item,Living_on_the_edge
U_Broke_It%21,U Broke It!,Unlocked a new item.,,Obtain 50 items in a run (duplicate passive items/familiars count towards the total (e.g.  multiple Breakfast Breakfast),330,Afterbirth †,item,U_Broke_It%21
Laz_Bleeds_More%21,Laz Bleeds More!,Unlocked a new starting item.,ラザラスがもっと血を流す,Complete Backasswards (challenge #31),331,Afterbirth †,,Laz_Bleeds_More%21
Maggy_Now_Holds_a_Pill%21,Maggy Now Holds a Pill!,Unlocked a new starting item.,マグダレーンが…くすりを持っている!,Complete Aprils Fool (challenge #32),332,Afterbirth †,,Maggy_Now_Holds_a_Pill%21
Charged_Key,Charged Key,Unlocked a new item.,,Complete Pokey Mans (challenge #33),333,Afterbirth †,item,Charged_Key
Samson_Feels_Healthy%21,Samson Feels Healthy!,Unlocked a new starting item.,サムソンは元気な感じ！,Complete Ultra Hard (challenge #34),334,Afterbirth †,,Samson_Feels_Healthy%21
Greed%27s_Gullet,Greed's Gullet,Unlocked a new item.,,Complete Pong (challenge #35),335,Afterbirth †,item,Greed%27s_Gullet
The_Marathon,The Marathon,Unlocked a new item.,,Get a 5-win streak in the Daily Challenges (Added in Repentance Isaac must have a score above 0 on the score screen),336,Afterbirth †,item,The_Marathon
RERUN,RERUN,Unlocked the power of RERUN.,リターンが地下に現れた,Complete 3 Victory Laps and start a 4th,337,Afterbirth †,,RERUN
Delirious,Delirious,Unlocked a new item.,精神錯乱が地下に現れた,Deliriumを倒す,338,Afterbirth †,item,Delirious
1000000%25,1000000%,Just Stop!,"1,000,000%とにかく止まれ！",Collect every item in the game /unlock all secrets and endings and complete the Bestiary,339,Afterbirth †,,1000000%25
Apollyon,Apollyon,Unlocked a new character.,,Defeat Mega Satan,340,Afterbirth †,character,Apollyon
Greedier%21,Greedier!,New mode unlocked!,グリード＋をアンロックした!,Donate 500 Coins to the Greed Donation Machine.png Greed Donation Machine,341,Afterbirth †,,Greedier%21
Burning_Basement,Burning Basement,Alt stage to the basement.,,Defeat Mom's Heart 11 times,342,Afterbirth †,,Burning_Basement
Flooded_Caves,Flooded Caves,Alt stage to the caves.,洞窟が浸水した！,Defeat It Lives! 16 times,343,Afterbirth †,,Flooded_Caves
Dank_Depths,Dank Depths,Alt stage to the depths.,深淵が湿った!,Defeat It Lives! 21 times,344,Afterbirth †,,Dank_Depths
Scarred_Womb,Scarred Womb,Alt stage to the womb.,子宮が傷だらけになった！,Defeat It Lives! 30 times,345,Afterbirth †,,Scarred_Womb
Something_wicked_this_way_comes%21,Something wicked this way comes!,Unlocked new bosses!,何か邪惡なものがこっちに来る！,3キャラクターで???を倒す,346,Afterbirth †,,Something_wicked_this_way_comes%21
Something_wicked_this_way_comes%2B%21,Something wicked this way comes+!,Unlocked even more bosses!,何か邪惡なものがこっちに来る＋！,6キャラクターで???を倒す,347,Afterbirth †,,Something_Wicked_This_Way_Comes_%3F
The_gate_is_open%21,The gate is open!,Unlocked new enemies!,,Defeat The Lamb,348,Afterbirth †,,The_gate_is_open%21
Death%27s_List,Death's List,Unlocked a new item.,死神のリストが地下に現れた,Take 25 Deals with the Devil,376,Afterbirth †,item,Death%27s_List
Haemolacria,Haemolacria,Unlocked a new item.,流血が地下に現れた,Acquire Blood Clot Blood Clot 10 times,377,Afterbirth †,item,Haemolacria
Lachryphagy,Lachryphagy,Unlocked a new item.,涙ごっくんが地下に現れた,"Collect 10 ""Tears Up"" items or pills in one run",378,Afterbirth †,item,Lachryphagy
Schoolbag,Schoolbag,Unlocked a new item.,スクールバックが地下に現れた,Enter every Shop Shop from Chapter 1 through Chapter 3 in one run,379,Afterbirth †,item,Schoolbag
Trisagion,Trisagion,Unlocked a new item.,聖三呪文が地下に現れた,Take 25 Angel Rooms items,380,Afterbirth †,item,Trisagion
Extension_Cord,Extension Cord,Unlocked a new item.,延長コードが地下に現れた,Have The Battery The Battery/ 9 Volt 9 Volt/ and Car Battery Car Battery in Isaac's collection,381,Afterbirth †,item,Extension_Cord
Flat_Stone,Flat Stone,Unlocked a new item.,フラットストーンが地下に現れた,Acquire Rubber Cement Rubber Cement 5 times,382,Afterbirth †,item,Flat_Stone
Sacrificial_Altar,Sacrificial Altar,Unlocked a new item.,いきにえの祭壇が地下に現れた,Take 50 Deals with the Devil,383,Afterbirth †,item,Sacrificial_Altar
Lil_Spewer,Lil Spewer,Unlocked a new item.,リトルゲロゲロが地下に現れた,Have Isaac die to his own explosion from Ipecac Ipecac/ Bob's Rotten Head Bob's Rotten Head/ or a Horf! pill,384,Afterbirth †,item,Lil_Spewer
Blanket,Blanket,Unlocked a new item.,,Sleep in 10 beds,385,Afterbirth †,item,Blanket
Marbles,Marbles,Unlocked a new item.,ビー玉が地下に現れた,Use 5 Gulp! pills in one run (Placebo Placebo uses count),386,Afterbirth †,item,Marbles
Mystery_Egg,Mystery Egg,Unlocked a new item.,ミステリーエッグが地下に現れた,Spawn three charmed enemies in the same room,387,Afterbirth †,item,Mystery_Egg
Rotten_Penny,Rotten Penny,Unlocked a new item.,腐ったペニーが地下に現れた,Have 20 Blue Flies at the same time,388,Afterbirth †,item,Rotten_Penny
Baby-Bender,Baby-Bender,Unlocked a new item.,,Use I - The Magician I - The Magician or Telepathy for Dummies Telepathy for Dummies while already having homing tears,389,Afterbirth †,item,Baby-Bender
The_Forgotten,The Forgotten,Unlocked a new character.,ザフォーガットンをアンロックした,It's complicated,390,Afterbirth †,character,The_Forgotten
Bone_Heart,Bone Heart,Unlocked a new item.,,It's complicated,391,Afterbirth †,item,Bone_Heart
Marrow,Marrow,Unlocked a new item.,髄が地下に現れた,Defeat Mom's Heart or It Lives! on Hard mode as The Forgotten The Forgotten,392,Afterbirth †,item,Marrow
Slipped_Rib,Slipped Rib,Unlocked a new item.,すべり肋骨が地下に現れた,ザ・フォーガットンでIsaacを倒す,393,Afterbirth †,item,Slipped_Rib
Pointy_Rib,Pointy Rib,Unlocked a new item.,トゲトゲあばら骨が地下に現れた,Defeat Satan as The Forgotten The Forgotten,394,Afterbirth †,item,Pointy_Rib
Jaw_Bone,Jaw Bone,Unlocked a new item.,あご骨が地下に現れた,ザ・フォーガットンで???を倒す,395,Afterbirth †,item,Jaw_Bone
Brittle_Bones,Brittle Bones,Unlocked a new item.,,Defeat The Lamb as The Forgotten The Forgotten,396,Afterbirth †,item,Brittle_Bones
Divorce_Papers,Divorce Papers,Unlocked a new item.,離婚届が地下に現れた,Complete the Boss Rush Boss Rush as The Forgotten The Forgotten,397,Afterbirth †,item,Divorce_Papers
Hallowed_Ground,Hallowed Ground,Unlocked a new item.,神聖なる土が地下に現れた,ザ・フォーガットンでHushを倒す,398,Afterbirth †,item,Hallowed_Ground
Finger_Bone,Finger Bone,Unlocked a new item.,指のホネが地下に現れた,Defeat Ultra Greed as The Forgotten The Forgotten,399,Afterbirth †,item,Finger_Bone
Dad%27s_Ring,Dad's Ring,Unlocked a new item.,パパのゆびわが地下に現れた,Defeat Ultra Greedier as The Forgotten The Forgotten,400,Afterbirth †,item,Dad%27s_Ring
Book_of_the_Dead,Book of the Dead,Unlocked a new item.,,ザ・フォーガットンでDeliriumを倒す,401,Afterbirth †,item,Book_of_the_Dead
Bone_Baby,Bone Baby,Unlocked a new co-player baby.,,Earn all Hard mode Completion Marks as The Forgotten The Forgotten,402,Afterbirth †,coop,Bone_Baby
Bound_Baby,Bound Baby,Unlocked a new co-player baby.,,Defeat Mega Satan as The Forgotten The Forgotten,403,Afterbirth †,coop,Bound_Baby
Bethany,Bethany,Beat Hard mode as Lazarus without losing a life,,Defeat Mom's Heart/It Lives! on hard mode as Lazarus Lazarus/ without dying at all,404,Repentance,,Bethany
Jacob_and_Esau,Jacob and Esau,You are just like your father...,ヤコブとエサウをアンロックした,Defeat Mother,405,Repentance,,Jacob_and_Esau
The_Planetarium,The Planetarium,Kids shouldn't believe in fortunes...,,Collect any 3 items with the 'stars' item tag in a single run,406,Repentance,,The_Planetarium
A_Secret_Exit,A Secret Exit,Complete???? 3 times.,,Hushを3回倒す,407,Repentance,,A_Secret_Exit
Forgotten_Lullaby,Forgotten Lullaby,Get that song out of her head.,忘れられた子守唄が地下に現れた,Blow up The Siren's skull after defeating her,408,Repentance,,Forgotten_Lullaby
Fruity_Plum,Fruity Plum,Defeat Baby Plum 10 times.,フルーティプラムが地下に現れた,Baby Plumを10回倒す,409,Repentance,,Fruity_Plum
Plum_Flute,Plum Flute,Make a new friend!,プラムのふえが地下に現れた,Allow Baby Plum to escape instead of defeating her,410,Repentance,,Plum_Flute
Rotten_Heart,Rotten Heart,Enter the Corpse...,腐ったハートが地下に現れた,Enter Corpse Corpse for the first time,411,Repentance,,Rotten_Heart
Dross,Dross,Defeat all bosses in Downpour.,ドロスをアンロックした,Downpourのすべてのボスを倒す,412,Repentance,,Dross
Ashpit,Ashpit,Defeat all bosses in the Mines.,,Minesのすべてのボスを倒す,413,Repentance,,Ashpit
Gehenna,Gehenna,Defeat all bosses in the Mausoleum.,ゲヘナをアンロックした,Mausoleumのすべてのボスを倒す,414,Repentance,,Gehenna
Red_Key,Red Key,The other side is calling...,レッドキーが地下に現れた,Open Mom's Chest in Home Home,415,Repentance,,Red_Key
Wisp_Baby,Wisp Baby,Beat the game in Hard mode with Bethany.,ウィスプベイビーをアンロックした,Defeat Mom's Heart or It Lives! on Hard mode as Bethany Bethany,416,Repentance,,Wisp_Baby
Book_of_Virtues,Book of Virtues,Complete the Cathedral with Bethany.,,ベタニアでIsaacを倒す,417,Repentance,,Book_of_Virtues
Urn_of_Souls,Urn of Souls,Complete Sheol with Bethany.,魂の壺が地下に現れた,Defeat Satan as Bethany Bethany,418,Repentance,,Urn_of_Souls
Blessed_Penny,Blessed Penny,Complete the Chest with Bethany.,,ベタニアで???を倒す,419,Repentance,,Blessed_Penny
Alabaster_Box,Alabaster Box,Complete the Dark Room with Bethany.,,Defeat The Lamb as Bethany Bethany,420,Repentance,,Alabaster_Box
Beth%27s_Faith,Beth's Faith,Complete Boss Rush with Bethany.,,Complete the Boss Rush Boss Rush as Bethany Bethany,421,Repentance,,Beth%27s_Faith
Soul_Locket,Soul Locket,Beat Greed mode with Bethany.,ソウルロケットが地下に現れた,Defeat Ultra Greed as Bethany Bethany,422,Repentance,,Soul_Locket
Divine_Intervention,Divine Intervention,Complete???? with Bethany.,神々の介入が地下に現れた,ベタニアでHushを倒す,423,Repentance,,Divine_Intervention
Vade_Retro,Vade Retro,Beat Greedier mode with Bethany.,ヴァデレトロが地下に現れた,Defeat Ultra Greedier as Bethany Bethany,424,Repentance,,Vade_Retro
Star_of_Bethlehem,Star of Bethlehem,Beat the Void with Bethany.,ベツレヘムの星が地下に現れた,ベタニアでDeliriumを倒す,425,Repentance,,Star_of_Bethlehem
Hope_Baby,Hope Baby,Beat everything in Hard mode with Bethany.,ホープベイビーをアンロックした,Earn all Hard mode Completion Marks as Bethany Bethany,426,Repentance,,Hope_Baby
Glowing_Baby,Glowing Baby,Defeat Mega Satan with Bethany.,キラキラベイビーをアンロックした,Defeat Mega Satan as Bethany Bethany,427,Repentance,,Glowing_Baby
Double_Baby,Double Baby,Beat the game in Hard mode with Jacob and Esau.,ダブルベイビーをアンロックした,Defeat Mom's Heart or It Lives! on Hard mode as Jacob and Esau Jacob and Esau,428,Repentance,,Double_Baby
The_Stairway,The Stairway,Complete the Cathedral with Jacob and Esau.,天国への階段が地下に現れた,ヤコブ＆エサウでIsaacを倒す,429,Repentance,,The_Stairway
Red_Stew,Red Stew,Complete Sheol with Jacob and Esau.,レッドシチューが地下に現れた,Defeat Satan as Jacob and Esau Jacob and Esau,430,Repentance,,Red_Stew
Birthright,Birthright,Complete the Chest with Jacob and Esau.,,ヤコブ＆エサウで???を倒す,431,Repentance,,Birthright
Damocles,Damocles,Complete the Dark Room with Jacob and Esau.,ダモクレスが地下に現れた,Defeat The Lamb as Jacob and Esau Jacob and Esau,432,Repentance,,Damocles
Rock_Bottom,Rock Bottom,Complete Boss Rush with Jacob and Esau.,どん底が地下に現れた,Complete Boss Rush Boss Rush as Jacob and Esau Jacob and Esau,433,Repentance,,Rock_Bottom
Inner_Child,Inner Child,Beat Greed mode with Jacob and Esau.,インナーチャイルドが地下に現れた,Defeat Ultra Greed as Jacob and Esau Jacob and Esau,434,Repentance,,Inner_Child
Vanishing_Twin,Vanishing Twin,Complete???? with Jacob and Esau.,バニッシングツインが地下に現れた,ヤコブ＆エサウでHushを倒す,435,Repentance,,Vanishing_Twin
Genesis,Genesis,Beat Greedier mode with Jacob and Esau.,ジェネシスが地下に現れた,Defeat Ultra Greedier as Jacob and Esau Jacob and Esau,436,Repentance,,Genesis
Suplex%21,Suplex!,Complete the Void with Jacob and Esau.,スープレックス！が地下に現れた,ヤコブ＆エサウでDeliriumを倒す,437,Repentance,,Suplex%21
Solomon%27s_Baby,Solomon's Baby,Beat everything in Hard mode with Jacob and Esau.,ソロモンベイビーが地下に現れた,Earn all Hard mode Completion Marks as Jacob and Esau Jacob and Esau,438,Repentance,,Solomon%27s_Baby
Illusion_Baby,Illusion Baby,Defeat Mega Satan with Jacob and Esau.,イリュージョンベイビーが地下に現れた,Defeat Mega Satan as Jacob and Esau Jacob and Esau,439,Repentance,,Illusion_Baby
Meat_Cleaver,Meat Cleaver,Complete the Corpse with Isaac.,ブッチャーナイフが地下に現れた,Defeat Mother as Isaac Isaac,440,Repentance,,Meat_Cleaver
Options%3F,Options?,Complete the final chapter with Isaac.,オプション？が地下に現れた,Defeat The Beast as Isaac Isaac,441,Repentance,,Options%3F
Yuck_Heart,Yuck Heart,Complete the Corpse with Magdalene.,ヤックハートが地下に現れた,Defeat Mother as Magdalene Magdalene,442,Repentance,,Yuck_Heart
Candy_Heart,Candy Heart,Complete the final chapter with Magdalene.,,Defeat The Beast as Magdalene Magdalene,443,Repentance,,Candy_Heart
Guppy%27s_Eye,Guppy's Eye,Complete the Corpse with Cain.,ガッピーの目が地下に現れた,Defeat Mother as Cain Cain,444,Repentance,,Guppy%27s_Eye
A_Pound_of_Flesh,A Pound of Flesh,Complete the final chapter with Cain.,,Defeat The Beast as Cain Cain,445,Repentance,,A_Pound_of_Flesh
Akeldama,Akeldama,Complete the Corpse with Judas.,,Defeat Mother as Judas Judas,446,Repentance,,Akeldama
Redemption,Redemption,Complete the final chapter with Judas.,リデンプションが地下に現れた,Defeat The Beast as Judas Judas,447,Repentance,,Redemption
Eternal_D6,Eternal D6,Complete the Corpse with????.,エターナルD6が地下に現れた,Defeat Mother as ??? ???,448,Repentance,,Eternal_D6
Montezuma%27s_Revenge,Montezuma's Revenge,Complete the final chapter with????.,モンテズマズリベンジが地下に現れた,Defeat The Beast as ??? ???,449,Repentance,,Montezuma%27s_Revenge
Bird_Cage,Bird Cage,Complete the Corpse with Eve.,,Defeat Mother as Eve Eve,450,Repentance,,Bird_Cage
Cracked_Orb,Cracked Orb,Complete the final chapter with Eve.,,Defeat The Beast as Eve Eve,451,Repentance,,Cracked_Orb
Bloody_Gust,Bloody Gust,Complete the Corpse with Samson.,,Defeat Mother as Samson Samson,452,Repentance,,Bloody_Gust
Empty_Heart,Empty Heart,Complete the final chapter with Samson.,エンプティハートが地下に現れた,Defeat The Beast as Samson Samson,453,Repentance,,Empty_Heart
Devil%27s_Crown,Devil's Crown,Complete the Corpse with Azazel.,デビルクラウンが地下に現れた,Defeat Mother as Azazel Azazel,454,Repentance,,Devil%27s_Crown
Lil_Abaddon,Lil Abaddon,Complete the final chapter with Azazel.,リトルアバドンが地下に現れた,Defeat The Beast as Azazel Azazel,455,Repentance,,Lil_Abaddon
Tinytoma,Tinytoma,Complete the Corpse with Lazarus.,タイニートーマが地下に現れた,Defeat Mother as Lazarus Lazarus,456,Repentance,,Tinytoma
Astral_Projection,Astral Projection,Complete the final chapter with Lazarus.,,Defeat The Beast as Lazarus Lazarus,457,Repentance,,Astral_Projection
'M,'M,Complete the Corpse with Eden.,（文字化け）が地下に現れた,Defeat Mother as Eden Eden,458,Repentance,,%27M
Everything_Jar,Everything Jar,Complete the final chapter with Eden.,,Defeat The Beast as Eden Eden,459,Repentance,,Everything_Jar
Lost_Soul,Lost Soul,Complete the Corpse with the Lost.,ロストソウルが地下に現れた,Defeat Mother as The Lost The Lost,460,Repentance,,Lost_Soul
Hungry_Soul,Hungry Soul,Complete the final chapter with the Lost.,ハングリーソウルが地下に現れた,Defeat The Beast as The Lost The Lost,461,Repentance,,Hungry_Soul
Blood_Puppy,Blood Puppy,Complete the Corpse with Lilith.,,Defeat Mother as Lilith Lilith,462,Repentance,,Blood_Puppy
C_Section,C Section,Complete the final chapter with Lilith.,,Defeat The Beast as Lilith Lilith,463,Repentance,,C_Section
Keeper%27s_Sack,Keeper's Sack,Complete the Corpse with Keeper.,キーパーズサックが地下に現れた,Defeat Mother as Keeper Keeper,464,Repentance,,Keeper%27s_Sack
Keeper%27s_Box,Keeper's Box,Complete the final chapter with Keeper.,キーパーズボックスが地下に現れた,Defeat The Beast as Keeper Keeper,465,Repentance,,Keeper%27s_Box
Lil_Portal,Lil Portal,Complete the Corpse with Apollyon.,リトルポータルが地下に現れた,Defeat Mother as Apollyon Apollyon,466,Repentance,,Lil_Portal
Worm_Friend,Worm Friend,Complete the final chapter with Apollyon.,ワームフレンドが地下に現れた,Defeat The Beast as Apollyon Apollyon,467,Repentance,,Worm_Friend
Bone_Spurs,Bone Spurs,Complete the Corpse with the Forgotten.,,Defeat Mother as The Forgotten The Forgotten,468,Repentance,,Bone_Spurs
Spirit_Shackles,Spirit Shackles,Complete the final chapter with the Forgotten.,スピリットシャックルが地下に現れた,Defeat The Beast as The Forgotten The Forgotten,469,Repentance,,Spirit_Shackles
Revelation,Revelation,Complete the Corpse with Bethany.,リベレイションが地下に現れた,Defeat Mother as Bethany Bethany,470,Repentance,,Revelation
Jar_of_Wisps,Jar of Wisps,Complete the final chapter with Bethany.,ウィスプの壺が地下に現れた,Defeat The Beast as Bethany Bethany,471,Repentance,,Jar_of_Wisps
Magic_Skin,Magic Skin,Complete the Corpse with Jacob and Esau.,マジックスキンが地下に現れた,Defeat Mother as Jacob and Esau Jacob and Esau,472,Repentance,,Magic_Skin
Friend_Finder,Friend Finder,Complete the final chapter with Jacob and Esau.,フレンドファインダーが地下に現れた,Defeat The Beast as Jacob and Esau Jacob and Esau,473,Repentance,,Friend_Finder
The_Broken,The Broken,???,,Use Red Key Red Key (etc.) to open the hidden closet in Home Home as Isaac Isaac,474,Repentance,,The_Broken
The_Dauntless,The Dauntless,???,,Use Red Key Red Key (etc.) to open the hidden closet in Home Home as Magdalene Magdalene,475,Repentance,,The_Dauntless
The_Hoarder,The Hoarder,???,,Use Red Key Red Key (etc.) to open the hidden closet in Home Home as Cain Cain,476,Repentance,,The_Hoarder
The_Deceiver,The Deceiver,???,,Use Red Key Red Key (etc.) to open the hidden closet in Home Home as Judas Judas,477,Repentance,,The_Deceiver
The_Soiled,The Soiled,???,,Use Red Key Red Key (etc.) to open the hidden closet in Home Home as ??? ???,478,Repentance,,The_Soiled
The_Curdled,The Curdled,???,,Use Red Key Red Key (etc.) to open the hidden closet in Home Home as Eve Eve,479,Repentance,,The_Curdled
The_Savage,The Savage,???,,Use Red Key Red Key (etc.) to open the hidden closet in Home Home as Samson Samson,480,Repentance,,The_Savage
The_Benighted,The Benighted,???,,Use Red Key Red Key (etc.) to open the hidden closet in Home Home as Azazel Azazel,481,Repentance,,The_Benighted
The_Enigma,The Enigma,???,,Use Red Key Red Key (etc.) to open the hidden closet in Home Home as Lazarus Lazarus,482,Repentance,,The_Enigma
The_Capricious,The Capricious,???,,Use Red Key Red Key (etc.) to open the hidden closet in Home Home as Eden Eden,483,Repentance,,The_Capricious
The_Baleful,The Baleful,???,,Use Red Key Red Key (etc.) to open the hidden closet in Home Home as The Lost The Lost,484,Repentance,,The_Baleful
The_Harlot,The Harlot,???,,Use Red Key Red Key (etc.) to open the hidden closet in Home Home as Lilith Lilith,485,Repentance,,The_Harlot
The_Miser,The Miser,???,,Use Red Key Red Key (etc.) to open the hidden closet in Home Home as Keeper Keeper,486,Repentance,,The_Miser
The_Empty,The Empty,???,,Use Red Key Red Key (etc.) to open the hidden closet in Home Home as Apollyon Apollyon,487,Repentance,,The_Empty
The_Fettered,The Fettered,???,,Use Red Key Red Key (etc.) to open the hidden closet in Home Home as The Forgotten The Forgotten,488,Repentance,,The_Fettered
The_Zealot,The Zealot,???,,Use Red Key Red Key (etc.) to open the hidden closet in Home Home as Bethany Bethany,489,Repentance,,The_Zealot
The_Deserter,The Deserter,???,,Use Red Key Red Key (etc.) to open the hidden closet in Home Home as Jacob and Esau Jacob and Esau,490,Repentance,,The_Deserter
Glitched_Crown,Glitched Crown,???,バグったクラウンが地下に現れた,Defeat The Beast as Tainted Isaac Tainted Isaac,491,Repentance,,Glitched_Crown
Belly_Jelly,Belly Jelly,???,,Defeat The Beast as Tainted Magdalene Tainted Magdalene,492,Repentance,,Belly_Jelly
Blue_Key,Blue Key,???,,Defeat The Beast as Tainted Cain Tainted Cain,493,Repentance,,Blue_Key
Sanguine_Bond,Sanguine Bond,???,サングインボンドが地下に現れた,Defeat The Beast as Tainted Judas Tainted Judas,494,Repentance,,Sanguine_Bond
The_Swarm,The Swarm,???,ザスウォームが地下に現れた,Defeat The Beast as Tainted ??? Tainted????,495,Repentance,,The_Swarm
Heartbreak,Heartbreak,???,ハートブレイクが地下に現れた,Defeat The Beast as Tainted Eve Tainted Eve,496,Repentance,,Heartbreak
Larynx,Larynx,???,ラリンクスが地下に現れた,Defeat The Beast as Tainted Samson Tainted Samson,497,Repentance,,Larynx
Azazel%27s_Rage,Azazel's Rage,???,,Defeat The Beast as Tainted Azazel Tainted Azazel,498,Repentance,,Azazel%27s_Rage
Salvation,Salvation,???,救済が地下に現れた,Defeat The Beast as Tainted Lazarus Tainted Lazarus,499,Repentance,,Salvation
TMTRAINER,TMTRAINER,???,バグ技が地下に現れた,Defeat The Beast as Tainted Eden Tainted Eden,500,Repentance,,TMTRAINER
Sacred_Orb,Sacred Orb,???,セイクリッドオーブが地下に現れた,Defeat The Beast as Tainted Lost Tainted Lost,501,Repentance,,Sacred_Orb
Twisted_Pair,Twisted Pair,???,ツイステッドペアが地下に現れた,Defeat The Beast as Tainted Lilith Tainted Lilith,502,Repentance,,Twisted_Pair
Strawman,Strawman,???,ストローマンが地下に現れた,Defeat The Beast as Tainted Keeper Tainted Keeper,503,Repentance,,Strawman
Echo_Chamber,Echo Chamber,???,エコーチェンバーが地下に現れた,Defeat The Beast as Tainted Apollyon Tainted Apollyon,504,Repentance,,Echo_Chamber
Isaac%27s_Tomb,Isaac's Tomb,???,アイザックの墓が地下に現れた,Defeat The Beast as Tainted Forgotten Tainted Forgotten,505,Repentance,,Isaac%27s_Tomb
Vengeful_Spirit,Vengeful Spirit,???,生霊が地下に現れた,Defeat The Beast as Tainted Bethany Tainted Bethany,506,Repentance,,Vengeful_Spirit
Esau_Jr.,Esau Jr.,???,エサウJR.が地下に現れた,Defeat The Beast as Tainted Jacob Tainted Jacob,507,Repentance,,Esau_Jr.
Bloody_Mary,Bloody Mary,Unlocked a new challenge.,,Unlock Bethany Bethany/ Blood Bag Blood Bag/ and It Lives!,508,Repentance,challenge,Bloody_Mary
Baptism_by_Fire,Baptism by Fire,Unlocked a new challenge.,,Defeat Satan as Bethany Bethany/ defeat Mom's Heart 11 times/and unlock Maggy's Faith Maggy's Faith,509,Repentance,challenge,Baptism_by_Fire
Isaac%27s_Awakening,Isaac's Awakening,Unlocked a new challenge.,,Defeat Mother,510,Repentance,challenge,Isaac%27s_Awakening
Seeing_Double,Seeing Double,Unlocked a new challenge.,,Defeat Mother,511,Repentance,challenge,Seeing_Double
Pica_Run,Pica Run,Unlocked a new challenge.,,Defeat Mom's Heart 11 times and unlock Marbles Marbles,512,Repentance,challenge,Pica_Run
Hot_Potato,Hot Potato,Unlocked a new challenge.,,Unlock Tainted Forgotten Tainted Forgotten,513,Repentance,challenge,Hot_Potato
Cantripped%21,Cantripped!,Unlocked a new challenge.,,Unlock Tainted Cain Tainted Cain,514,Repentance,challenge,Cantripped%21
Red_Redemption,Red Redemption,Unlocked a new challenge.,,Unlock Tainted Jacob Tainted Jacob,515,Repentance,challenge,Red_Redemption
DELETE_THIS,DELETE THIS,TODO: remove this achievement,,Unlock Tainted Eden Tainted Eden,516,Repentance,,DELETE_THIS
Dirty_Mind,Dirty Mind,Complete Challenge 36.,ダーティマインドが地下に現れた,Complete Scat Man (challenge #36),517,Repentance,,Dirty_Mind
Sigil_of_Baphomet,Sigil of Baphomet,Complete Challenge 37.,バフォメットの魔法陣が地下に現れた,Complete Bloody Mary (challenge #37),518,Repentance,,Sigil_of_Baphomet
Purgatory,Purgatory,Complete Challenge 38.,パーガトリーが地下に現れた,Complete Baptism by Fire (challenge #38),519,Repentance,,Purgatory
Spirit_Sword,Spirit Sword,Complete Challenge 39.,スピリットソードが地下に現れた,Complete Isaac's Awakening (challenge #39),520,Repentance,,Spirit_Sword
Broken_Glasses,Broken Glasses,Complete Challenge 40.,,Complete Seeing Double (challenge #40),521,Repentance,,Broken_Glasses
Ice_Cube,Ice Cube,Complete Challenge 41.,アイスキューブが地下に現れた,Complete Pica Run (challenge #41),522,Repentance,,Ice_Cube
Charged_Penny,Charged Penny,They will charge you up... for a small fee.,,Donate to Battery Bums until they pay out with an item 5 times,523,Repentance,,Charged_Penny
The_Fool,The Fool,???,,Defeat Ultra Greedier as Tainted Lost Tainted Lost,524,Repentance,,The_Fool
The_Magician,The Magician,???,,Defeat Ultra Greedier as Tainted Judas Tainted Judas,525,Repentance,,The_Magician
The_High_Priestess,The High Priestess,???,,Defeat Ultra Greedier as Tainted Lilith Tainted Lilith,526,Repentance,,The_High_Priestess
The_Empress,The Empress,???,,Defeat Ultra Greedier as Tainted Eve Tainted Eve,527,Repentance,,The_Empress
The_Emperor,The Emperor,???,,Defeat Ultra Greedier as Tainted ??? Tainted????,528,Repentance,,The_Emperor
The_Hierophant,The Hierophant,???,,Defeat Ultra Greedier as Tainted Bethany Tainted Bethany,529,Repentance,,The_Hierophant
The_Lovers,The Lovers,???,,Defeat Ultra Greedier as Tainted Magdalene Tainted Magdalene,530,Repentance,,The_Lovers
The_Chariot,The Chariot,Complete Challenge 42.,,Complete Hot Potato (challenge #42),531,Repentance,,The_Chariot
Justice,Justice,Complete Challenge 43.,,Complete Cantripped (challenge #43),532,Repentance,,Justice
The_Hermit,The Hermit,Complete Challenge 44.,,Complete Red Redemption (challenge #44),533,Repentance,,The_Hermit
Wheel_of_Fortune,Wheel of Fortune,???,,Defeat Ultra Greedier as Tainted Cain Tainted Cain,534,Repentance,,Wheel_of_Fortune
Strength,Strength,???,,Defeat Ultra Greedier as Tainted Samson Tainted Samson,535,Repentance,,Strength
The_Hanged_Man,The Hanged Man,???,,Defeat Ultra Greedier as Tainted Keeper Tainted Keeper,536,Repentance,,The_Hanged_Man
Death,Death,???,,Defeat Ultra Greedier as Tainted Forgotten Tainted Forgotten,537,Repentance,,Death
Temperance,Temperance,INVALID_DESCRIPTION,,Complete DELETE THIS (challenge #45),538,Repentance,,Temperance
The_Devil,The Devil,???,,Defeat Ultra Greedier as Tainted Azazel Tainted Azazel,539,Repentance,,The_Devil
The_Tower,The Tower,???,,Defeat Ultra Greedier as Tainted Apollyon Tainted Apollyon,540,Repentance,,The_Tower
The_Stars,The Stars,???,,Defeat Ultra Greedier as Tainted Isaac Tainted Isaac,541,Repentance,,The_Stars
The_Sun_and_the_Moon,The Sun and the Moon,???,,Defeat Ultra Greedier as Tainted Jacob Tainted Jacob,542,Repentance,,The_Sun_and_the_Moon
Judgement,Judgement,???,,Defeat Ultra Greedier as Tainted Lazarus Tainted Lazarus,543,Repentance,,Judgement
The_World,The World,???,,Defeat Ultra Greedier as Tainted Eden Tainted Eden,544,Repentance,,The_World
Old_Capacitor,Old Capacitor,Kill 10 Battery Bums.,オールドキャパシタが地下に現れた,Kill 10 Battery Bums,545,Repentance,,Old_Capacitor
Brimstone_Bombs,Brimstone Bombs,Kill Hornfel before he escapes!,,After breaking Hornfel's minecart. kill him before he can escape,546,Repentance,,Brimstone_Bombs
Mega_Mush,Mega Mush,Beat everything in Hard Mode as every character.,メガマッシュが地下に現れた,Earn all Hard mode Completion Marks for all non-Tainted characters,547,Repentance,,Mega_Mush
Mom%27s_Lock,Mom's Lock,???,ママの髪束が地下に現れた,Defeat Isaac/???/Satan and The Lamb as Tainted Isaac Tainted Isaac,548,Repentance,,Mom%27s_Lock
Dice_Bag,Dice Bag,???,ダイスバッグが地下に現れた,Defeat Mother as Tainted Isaac Tainted Isaac,549,Repentance,,Dice_Bag
Holy_Crown,Holy Crown,???,ホーリークラウンが地下に現れた,Defeat Isaac/???/Satan and The Lamb as Tainted Magdalene Tainted Magdalene,550,Repentance,,Holy_Crown
Mother%27s_Kiss,Mother's Kiss,???,マザーズキスが地下に現れた,Defeat Mother as Tainted Magdalene Tainted Magdalene,551,Repentance,,Mother%27s_Kiss
Gilded_Key,Gilded Key,???,ギルディングキーが地下に現れた,Defeat Isaac/???/Satan/and The Lamb as Tainted Cain Tainted Cain,552,Repentance,,Gilded_Key
Lucky_Sack,Lucky Sack,???,ラッキーサックが地下に現れた,Defeat Mother as Tainted Cain Tainted Cain,553,Repentance,,Lucky_Sack
Your_Soul,Your Soul,???,ユアソウルが地下に現れた,Defeat Isaac/???/Satan and The Lamb as Tainted Judas Tainted Judas,554,Repentance,,Your_Soul
Number_Magnet,Number Magnet,???,ナンバーマグネットが地下に現れた,Defeat Mother as Tainted Judas Tainted Judas,555,Repentance,,Number_Magnet
Dingle_Berry,Dingle Berry,???,ディングルベリーが地下に現れた,Defeat Isaac/???/Satan and The Lamb as Tainted ??? Tainted????,556,Repentance,,Dingle_Berry
Ring_Cap,Ring Cap,???,リングキャップが地下に現れた,Defeat Mother as Tainted ??? Tainted????,557,Repentance,,Ring_Cap
Strange_Key,Strange Key,???,ストレンジキーが地下に現れた,Defeat Isaac/???/Satan and The Lamb as Tainted Eve Tainted Eve,558,Repentance,,Strange_Key
Lil_Clot,Lil Clot,???,リトルクロットが地下に現れた,Defeat Mother as Tainted Eve Tainted Eve,559,Repentance,,Lil_Clot
Temporary_Tattoo,Temporary Tattoo,???,タトゥーシールが地下に現れた,Defeat Isaac/???/Satan and The Lamb as Tainted Samson Tainted Samson,560,Repentance,,Temporary_Tattoo
Swallowed_M80,Swallowed M80,???,飲み込んだM80が地下に現れた,Defeat Mother as Tainted Samson Tainted Samson,561,Repentance,,Swallowed_M80
Wicked_Crown,Wicked Crown,???,ウィキッドクラウンが地下に現れた,Defeat Isaac/???/Satan and The Lamb as Tainted Azazel Tainted Azazel,562,Repentance,,Wicked_Crown
Azazel%27s_Stump,Azazel's Stump,???,,Defeat Mother as Tainted Azazel Tainted Azazel,563,Repentance,,Azazel%27s_Stump
Torn_Pocket,Torn Pocket,???,破れたポケットが地下に現れた,Defeat Isaac/???/Satan and The Lamb as Tainted Lazarus Tainted Lazarus,564,Repentance,,Torn_Pocket
Torn_Card,Torn Card,???,破れたカードが地下に現れた,Defeat Mother as Tainted Lazarus Tainted Lazarus,565,Repentance,,Torn_Card
Nuh_Uh%21,Nuh Uh!,???,Nuh Uh!が地下に現れた,Defeat Isaac/???/Satan and The Lamb as Tainted Eden Tainted Eden,566,Repentance,,Nuh_Uh%21
Modeling_Clay,Modeling Clay,???,モデリングクレイが地下に現れた,Defeat Mother as Tainted Eden Tainted Eden,567,Repentance,,Modeling_Clay
Kid%27s_Drawing,Kid's Drawing,???,こどものお絵描きが地下に現れた,Defeat Isaac/???/Satan and The Lamb as Tainted Lost Tainted Lost,568,Repentance,,Kid%27s_Drawing
Crystal_Key,Crystal Key,???,,Defeat Mother as Tainted Lost Tainted Lost,569,Repentance,,Crystal_Key
The_Twins,The Twins,???,ザ ツインズが地下に現れた,Defeat Isaac/???/Satan and The Lamb as Tainted Lilith Tainted Lilith,570,Repentance,,The_Twins
Adoption_Papers,Adoption Papers,???,,Defeat Mother as Tainted Lilith Tainted Lilith,571,Repentance,,Adoption_Papers
Keeper%27s_Bargain,Keeper's Bargain,???,キーパーズバーゲンが地下に現れた,Defeat Isaac/???/Satan and The Lamb as Tainted Keeper Tainted Keeper,572,Repentance,,Keeper%27s_Bargain
Cursed_Penny,Cursed Penny,???,,Defeat Mother as Tainted Keeper Tainted Keeper,573,Repentance,,Cursed_Penny
Cricket_Leg,Cricket Leg,???,,Defeat Isaac/???/Satan and The Lamb as Tainted Apollyon Tainted Apollyon,574,Repentance,,Cricket_Leg
Apollyon%27s_Best_Friend,Apollyon's Best Friend,???,,Defeat Mother as Tainted Apollyon Tainted Apollyon,575,Repentance,,Apollyon%27s_Best_Friend
Polished_Bone,Polished Bone,???,磨かれたホネが地下に現れた,Defeat Isaac/???/Satan and The Lamb as Tainted Forgotten Tainted Forgotten,576,Repentance,,Polished_Bone
Hollow_Heart,Hollow Heart,???,ホロウハートが地下に現れた,Defeat Mother as Tainted Forgotten Tainted Forgotten,577,Repentance,,Hollow_Heart
Expansion_Pack,Expansion Pack,???,拡張パックが地下に現れた,Defeat Isaac/???/Satan and The Lamb as Tainted Bethany Tainted Bethany,578,Repentance,,Expansion_Pack
Beth%27s_Essence,Beth's Essence,???,,Defeat Mother as Tainted Bethany Tainted Bethany,579,Repentance,,Beth%27s_Essence
RC_Remote,RC Remote,???,RCリモートが地下に現れた,Defeat Isaac/???/Satan and The Lamb as Tainted Jacob Tainted Jacob,580,Repentance,,RC_Remote
Found_Soul,Found Soul,???,ファウンドソウルが地下に現れた,Defeat Mother as Tainted Jacob Tainted Jacob,581,Repentance,,Found_Soul
Member_Card,Member Card,Spend 40+ pennies in a single shop.,メンバーカードが地下に現れた,Spend 40+ coins in a single Shop Shop,582,Repentance,,Member_Card
Golden_Razor,Golden Razor,Obtain 99 pennies. Then spend every single one of them.,ゴールデンレイザーが地下に現れた,In a single run obtain 99 Coins then spend all of them,583,Repentance,,Golden_Razor
Spindown_Dice,Spindown Dice,???,スピンダウンダイスが地下に現れた,汚染されたアイザックでDeliriumを倒す,584,Repentance,,Spindown_Dice
Hypercoagulation,Hypercoagulation,???,ハイパーコアギュレイションが地下に現れた,汚染されたマギーでDeliriumを倒す,585,Repentance,,Hypercoagulation
Bag_of_Crafting,Bag of Crafting,???,,汚染されたケインでDeliriumを倒す,586,Repentance,,Bag_of_Crafting
Dark_Arts,Dark Arts,???,ダークアーツが地下に現れた,汚染されたユダでDeliriumを倒す,587,Repentance,,Dark_Arts
IBS,IBS,???,IBSが地下に現れた,汚染された???でDeliriumを倒す,588,Repentance,,IBS
Sumptorium,Sumptorium,???,サンプトリウムが地下に現れた,汚染されたイブでDeliriumを倒す,589,Repentance,,Sumptorium
Berserk%21,Berserk!,???,,汚染されたサムソンでDeliriumを倒す,590,Repentance,,Berserk%21
Hemoptysis,Hemoptysis,???,ヘモプタスィスが地下に現れた,汚染されたアザゼルでDeliriumを倒す,591,Repentance,,Hemoptysis
Flip,Flip,???,フリップが地下に現れた,汚染されたラザラスでDeliriumを倒す,592,Repentance,,Flip
Corrupted_Data,Corrupted Data,???,,汚染されたエデンでDeliriumを倒す,593,Repentance,,Corrupted_Data
Ghost_Bombs,Ghost Bombs,???,ゴーストボムが地下に現れた,汚染されたロストでDeliriumを倒す,594,Repentance,,Ghost_Bombs
Gello,Gello,???,ゲローが地下に現れた,汚染されたリリスでDeliriumを倒す,595,Repentance,,Gello
Keeper%27s_Kin,Keeper's Kin,???,キーパーズキンが地下に現れた,汚染されたキーパーでDeliriumを倒す,596,Repentance,,Keeper%27s_Kin
Abyss,Abyss,???,アビスが地下に現れた,汚染されたアポリオンでDeliriumを倒す,597,Repentance,,Abyss
Decap_Attack,Decap Attack,???,デカップアタックが地下に現れた,汚染されたザ・フォーガットンでDeliriumを倒す,598,Repentance,,Decap_Attack
Lemegeton,Lemegeton,???,レメゲトンが地下に現れた,汚染されたベタニアでDeliriumを倒す,599,Repentance,,Lemegeton
Anima_Sola,Anima Sola,???,,汚染されたヤコブでDeliriumを倒す,600,Repentance,,Anima_Sola
Mega_Chest,Mega Chest,???,メガチェストが地下に現れた,Defeat Mega Satan as Tainted Isaac Tainted Isaac,601,Repentance,,Mega_Chest
Queen_of_Hearts,Queen of Hearts,???,ハートのクイーンが地下に現れた,Defeat Mega Satan as Tainted Magdalene Tainted Magdalene,602,Repentance,,Queen_of_Hearts
Gold_Pill,Gold Pill,???,金のピルが地下に現れた,Defeat Mega Satan as Tainted Cain Tainted Cain,603,Repentance,,Gold_Pill
Black_Sack,Black Sack,???,,Defeat Mega Satan as Tainted Judas Tainted Judas,604,Repentance,,Black_Sack
Charming_Poop,Charming Poop,???,,Defeat Mega Satan as Tainted ??? Tainted????,605,Repentance,,Charming_Poop
Horse_Pill,Horse Pill,???,ホースピルが地下に現れた,Defeat Mega Satan as Tainted Eve Tainted Eve,606,Repentance,,Horse_Pill
Crane_Game,Crane Game,???,,Defeat Mega Satan as Tainted Samson Tainted Samson,607,Repentance,,Crane_Game
Hell_Game,Hell Game,???,ヘルゲームをアンロックした,Defeat Mega Satan as Tainted Azazel Tainted Azazel,608,Repentance,,Hell_Game
Wooden_Chest,Wooden Chest,???,ウッドチェストが地下に現れた,Defeat Mega Satan as Tainted Lazarus Tainted Lazarus,609,Repentance,,Wooden_Chest
Wild_Card,Wild Card,???,ワイルドカードが地下に現れた,Defeat Mega Satan as Tainted Eden Tainted Eden,610,Repentance,,Wild_Card
Haunted_Chest,Haunted Chest,???,呪いのチェストが地下に現れた,Defeat Mega Satan as Tainted Lost Tainted Lost,611,Repentance,,Haunted_Chest
Fool%27s_Gold,Fool's Gold,???,愚者の金が地下に現れた,Defeat Mega Satan as Tainted Lilith Tainted Lilith,612,Repentance,,Fool%27s_Gold
Golden_Penny,Golden Penny,???,金のペニーが地下に現れた,Defeat Mega Satan as Tainted Keeper Tainted Keeper,613,Repentance,,Golden_Penny
Rotten_Beggar,Rotten Beggar,???,腐った乞食が地下に現れた,Defeat Mega Satan as Tainted Apollyon Tainted Apollyon,614,Repentance,,Rotten_Beggar
Golden_Battery,Golden Battery,???,金のバッテリーが地下に現れた,Defeat Mega Satan as Tainted Forgotten Tainted Forgotten,615,Repentance,,Golden_Battery
Confessional,Confessional,???,,Defeat Mega Satan as Tainted Bethany Tainted Bethany,616,Repentance,,Confessional
Golden_Trinket,Golden Trinket,???,ゴールデントリンケットが地下に現れた,Defeat Mega Satan as Tainted Jacob Tainted Jacob,617,Repentance,,Golden_Trinket
Soul_of_Isaac,Soul of Isaac,???,アイザックのソウルが地下に現れた,汚染されたアイザックでHushを倒す、及びボスラッシュをクリアする,618,Repentance,,Soul_of_Isaac
Soul_of_Magdalene,Soul of Magdalene,???,マグダレーンのソウルが地下に現れた,汚染されたマギーでHushを倒す、及びボスラッシュをクリアする,619,Repentance,,Soul_of_Magdalene
Soul_of_Cain,Soul of Cain,???,ケインのソウルが地下に現れた,汚染されたケインでHushを倒す、及びボスラッシュをクリアする,620,Repentance,,Soul_of_Cain
Soul_of_Judas,Soul of Judas,???,ユダのソウルが地下に現れた,汚染されたユダでHushを倒す、及びボスラッシュをクリアする,621,Repentance,,Soul_of_Judas
Soul_of_%3F%3F%3F,Soul of????,???,？？？のソウルが地下に現れた,汚染された???でHushを倒す、及びボスラッシュをクリアする,622,Repentance,,Soul_of%3F%3F%3F%3F
Soul_of_Eve,Soul of Eve,???,イブのソウルが地下に現れた,汚染されたイブでHushを倒す、及びボスラッシュをクリアする,623,Repentance,,Soul_of_Eve
Soul_of_Samson,Soul of Samson,???,サムソンのソウルが地下に現れた,汚染されたサムソンでHushを倒す、及びボスラッシュをクリアする,624,Repentance,,Soul_of_Samson
Soul_of_Azazel,Soul of Azazel,???,アザゼルのソウルが地下に現れた,汚染されたアザゼルでHushを倒す、及びボスラッシュをクリアする,625,Repentance,,Soul_of_Azazel
Soul_of_Lazarus,Soul of Lazarus,???,ラザラスのソウルが地下に現れた,汚染されたラザラスでHushを倒す、及びボスラッシュをクリアする,626,Repentance,,Soul_of_Lazarus
Soul_of_Eden,Soul of Eden,???,エデンのソウルが地下に現れた,汚染されたエデンでHushを倒す、及びボスラッシュをクリアする,627,Repentance,,Soul_of_Eden
Soul_of_the_Lost,Soul of the Lost,???,ザロストのソウルが地下に現れた,汚染されたロストでHushを倒す、及びボスラッシュをクリアする,628,Repentance,,Soul_of_the_Lost
Soul_of_Lilith,Soul of Lilith,???,リリスのソウルが地下に現れた,汚染されたリリスでHushを倒す、及びボスラッシュをクリアする,629,Repentance,,Soul_of_Lilith
Soul_of_the_Keeper,Soul of the Keeper,???,キーパーのソウルが地下に現れた,汚染されたキーパーでHushを倒す、及びボスラッシュをクリアする,630,Repentance,,Soul_of_the_Keeper
Soul_of_Apollyon,Soul of Apollyon,???,アポリオンのソウルが地下に現れた,汚染されたでアポリオンを倒す、及びボスラッシュをクリアする,631,Repentance,,Soul_of_Apollyon
Soul_of_the_Forgotten,Soul of the Forgotten,???,ザフォーガットンのソウルが地下に現れた,汚染されたフォーガットンでHushを倒す、及びボスラッシュをクリアする,632,Repentance,,Soul_of_the_Forgotten
Soul_of_Bethany,Soul of Bethany,???,ベタニアのソウルが地下に現れた,汚染されたベタニアでHushを倒す、及びボスラッシュをクリアする,633,Repentance,,Soul_of_Bethany
Soul_of_Jacob_and_Esau,Soul of Jacob and Esau,???,ヤコブとエサウのソウルが地下に現れた,汚染されたヤコブでHushを倒す、及びボスラッシュをクリアする,634,Repentance,,Soul_of_Jacob_and_Esau
A_Strange_Door,A Strange Door,Where could it lead to?,,Defeat Mother,635,Repentance,,A_Strange_Door
Death_Certificate,Death Certificate,...,死亡届が地下に現れた,Earn all Hard mode Completion Marks for all characters (including tainted ones),636,Repentance,,Death_Certificate
Dead_God,Dead God,,でっとごっど!,Unlock all the other achievements and collect every item in the game,637,Repentance,,Dead_God
Black_Hole,Black Hole,Unlocked a new item.,,Portalを20体倒す,349PS4?340,Afterbirth †,item,Black_Hole
Mystery_Gift,Mystery Gift,Unlocked a new item.,ミステリーギフトが地下に現れた,Destroy 500 rocks,350PS4?341,Afterbirth †,item,Mystery_Gift
Sprinkler,Sprinkler,Unlocked a new item.,スプリンクラーが地下に現れた,Beat Chapter 1 without taking damage,351PS4?342,Afterbirth †,item,Sprinkler
Angry_Fly,Angry Fly,Unlocked a new item.,,Become Beelzebub,352PS4?343,Afterbirth †,item,Angry_Fly
Bozo,Bozo,Unlocked a new item.,,Destroy 5 rainbow poops,353PS4?344,Afterbirth †,item,Bozo
Broken_Modem,Broken Modem,Unlocked a new item.,,Complete 7 Daily Challenges (by touching the trophy at the end),354PS4?345,Afterbirth †,item,Broken_Modem
Buddy_in_a_Box,Buddy in a Box,Unlocked a new item.,,Pick up 5 familiars in a single run,355PS4?346,Afterbirth †,item,Buddy_in_a_Box
Fast_Bombs,Fast Bombs,Unlocked a new item.,ファストボムが地下に現れた,Defeat Little Horn 20 times,356PS4?347,Afterbirth †,item,Fast_Bombs
Lil_Delirium,Lil Delirium,Unlocked a new item.,リトルデリリアムが地下に現れた,Deliriumを初めて倒す,357PS4?348,Afterbirth †,item,Lil_Delirium
Hairpin,Hairpin,Unlocked a new item.,ヘアピンが地下に現れた,Recharge using Lil' Batteries 20 times,358PS4?349,Afterbirth †,item,Hairpin
Wooden_Cross,Wooden Cross,Unlocked a new item.,木の十字架が地下に現れた,Sleep in a bed,359PS4?350,Afterbirth †,item,Wooden_Cross
Butter%21,Butter!,Unlocked a new item.,,Complete 2 Victory Laps and start a 3rd,360PS4?351,Afterbirth †,item,Butter%21
Huge_Growth,Huge Growth,Unlocked a new item.,巨大化カードが地下に現れた,"Increase in size 5 times in a single run via Magic Mushroom Magic Mushroom ""One makes you larger"" pills/XI - Strength XI - Strength/ etc.",361PS4?352,Afterbirth †,item,Huge_Growth
Ancient_Recall,Ancient Recall,Unlocked a new item.,,Use Cards and Runes 20 times,362PS4?353,Afterbirth †,item,Ancient_Recall
Era_Walk,Era Walk,Unlocked a new item.,時代のウォークカードが地下に現れた,Add both the Broken Watch Broken Watch and the Stop Watch Stop Watch to your collection,363PS4?354,Afterbirth †,item,Era_Walk
Coupon,Coupon,Unlocked a new item.,,Purchase anything from Shop Shops/ Devil Room Devil Rooms and/or Black Market Black Markets 50 times,364PS4?355,Afterbirth †,item,Coupon
Telekinesis,Telekinesis,Unlocked a new item.,テレキネシスが地下に現れた,Beat Chapter 2 without taking damage,365PS4?356,Afterbirth †,item,Telekinesis
Moving_Box,Moving Box,Unlocked a new item.,お引越し用の箱が地下に現れた,Use Pandora's Box Pandora's Box in Dark Room Dark Room,366PS4?357,Afterbirth †,item,Moving_Box
Jumper_Cables,Jumper Cables,Unlocked a new item.,ブースターケーブルが地下に現れた,Pick up any 2 of the following items/trinkets in a single run: 9 Volt 9 Volt/ The Battery The Battery/ Car Battery Car Battery/ AAA Battery AAA Battery/ and Watch Battery Watch Battery (Added in Repentance Any 2 items that have the 'battery' item ta,367PS4?358,Afterbirth †,item,Jumper_Cables
Leprosy,Leprosy,Unlocked a new item.,レプロシーが地下に現れた,Beat Chapter 3 without taking damage,368PS4?359,Afterbirth †,item,Leprosy
Technology_Zero,Technology Zero,Unlocked a new item.,テクノロジーゼロが地下に現れた,Pick up any 2 technology items in a single run (Added in Repentance Any 2 items that have the 'tech' item tag),369PS4?360,Afterbirth †,item,Technology_Zero
Filigree_Feather,Filigree Feather,Unlocked a new item.,フィリグリーな羽根が地下に現れた,Acquire both Key Piece 1 Key Piece 1 and Key Piece 2 Key Piece 2,370PS4?361,Afterbirth †,item,Filigree_Feather
Mr._ME%21,Mr. ME!,Unlocked a new item.,ミスターボク!が地下に現れた,Open 20 Locked Chests,371PS4?362,Afterbirth †,item,Mr._ME%21
7_Seals,7 Seals,Unlocked a new item.,7つの封印が地下に現れた,すべて（全5種）のHarbingersを倒す,372PS4?363,Afterbirth †,item,7_Seals
Angelic_Prism,Angelic Prism,Unlocked a new item.,,Angelを10回倒す,373PS4?364,Afterbirth †,item,Angelic_Prism
Pop%21,Pop!,Unlocked a new item.,ポロッ！が地下に現れた,Beat Chapter 4 without taking damage,374PS4?365,Afterbirth †,item,Pop%21
Door_Stop,Door Stop,Unlocked a new item.,扉止めが地下に現れた,Blow up doors and Secret Room Secret Room walls 50 times,375PS4?366,Afterbirth †,item,Door_Stop